订单号,成交时间,商品ID,商品名称,数量,单价,实付金额,运费,优惠金额,买家ID,退款状态,订单状态,备注
TB0000001,2026-08-04 03:18:28,1603476,数码家电-商品3476,1,299.89,299.89,0,0,100,未退款,已完成,
TB0000002,2026-08-04 13:45:49,2971043,食品生鲜-商品1043,1,34.61,34.61,0,0,100,未退款,已完成,
TB0000003,2026-08-06 05:10:58,598929,图书文创-商品8929,1,57.41,57.41,0,0,100,未退款,已完成,
TB0000004,2026-08-06 07:21:38,1046201,数码家电-商品6201,1,367.99,367.99,0,0,100,未退款,已完成,
TB0000005,2026-08-06 13:39:00,1606258,服饰鞋包-商品6258,1,114.65,114.65,0,0,100,未退款,已完成,
TB0000006,2026-08-06 13:42:10,4840649,家居日用-商品0649,1,97.96,97.96,0,0,100,未退款,已完成,
TB0000007,2026-08-06 13:53:02,251391,图书文创-商品1391,1,54.25,54.25,0,0,100,已退款,已退款,
TB0000008,2026-08-07 01:51:17,4075065,母婴玩具-商品5065,1,135.24,135.24,0,0,100,未退款,已完成,
TB0000009,2026-08-06 00:12:13,1695628,家居日用-商品5628,1,21.06,21.06,0,0,10008,未退款,已完成,
TB0000010,2026-08-09 00:40:42,4691562,运动户外-商品1562,1,395.68,395.68,0,0,10008,未退款,已完成,
TB0000011,2026-08-11 11:18:29,2628557,服饰鞋包-商品8557,1,177.5,177.5,0,0,10008,已退款,已退款,
TB0000012,2026-08-04 02:31:40,1993958,食品生鲜-商品3958,1,68.91,68.91,0,0,10009,未退款,已完成,
TB0000013,2026-08-05 02:30:18,4945859,图书文创-商品5859,1,20.07,20.07,0,0,10009,未退款,已完成,
TB0000014,2026-08-05 03:33:52,37314,美妆个护-商品7314,1,111.53,111.53,0,0,10009,已退款,已退款,
TB0000015,2026-08-06 15:42:37,2794153,家居日用-商品4153,1,37.48,37.48,0,0,10009,未退款,已完成,
TB0000015,2026-08-06 15:42:37,37314,美妆个护-商品7314,1,294.84,294.84,0,0,10009,未退款,已完成,
TB0000016,2026-08-06 17:01:47,4603878,服饰鞋包-商品3878,1,48.19,48.19,0,0,10009,未退款,已完成,
TB0000017,2026-08-08 14:43:30,1415565,美妆个护-商品5565,1,96.05,96.05,0,0,10009,未退款,已完成,
TB0000018,2026-08-11 08:58:37,3615676,图书文创-商品5676,1,28.54,28.54,0,0,10009,未退款,已完成,
TB0000019,2026-08-12 02:01:33,3557403,数码家电-商品7403,1,123.67,123.67,0,0,10009,未退款,已完成,
TB0000020,2026-08-12 13:52:54,4676019,运动户外-商品6019,1,66.55,66.55,0,0,10009,未退款,已完成,
TB0000021,2026-08-06 15:17:18,863731,服饰鞋包-商品3731,1,160.57,160.57,0,0,10020,未退款,已完成,
TB0000022,2026-08-10 04:09:17,3201805,家居日用-商品1805,1,145.29,145.29,0,0,10021,未退款,已完成,
TB0000023,2026-08-08 12:43:10,3233904,运动户外-商品3904,1,59.85,59.85,0,0,10024,已退款,已退款,
TB0000024,2026-08-09 13:07:51,4685098,食品生鲜-商品5098,1,56.0,56.0,0,0,10024,未退款,已完成,
TB0000025,2026-08-10 10:46:54,3052455,家居日用-商品2455,1,141.66,141.66,0,0,10024,未退款,已完成,
TB0000026,2026-08-10 11:42:17,1713881,食品生鲜-商品3881,1,64.79,64.79,0,0,10024,未退款,已完成,
TB0000027,2026-08-10 15:09:02,1212679,美妆个护-商品2679,1,277.49,277.49,0,0,10024,未退款,已完成,
TB0000028,2026-08-11 11:50:01,1660891,图书文创-商品0891,1,39.76,39.76,0,0,10024,未退款,已完成,
TB0000029,2026-08-05 06:01:16,1904046,美妆个护-商品4046,1,21.7,21.7,0,0,10027,未退款,已完成,
TB0000030,2026-08-05 13:01:13,1227391,家居日用-商品7391,1,38.52,38.52,0,0,10027,未退款,已完成,
TB0000031,2026-08-10 01:01:39,376658,家居日用-商品6658,1,94.32,94.32,0,0,10027,未退款,已完成,
TB0000032,2026-08-04 02:56:45,1079003,服饰鞋包-商品9003,1,194.18,194.18,0,0,10034,未退款,已完成,
TB0000033,2026-08-05 14:48:07,2212646,家居日用-商品2646,1,48.92,48.92,0,0,10034,未退款,已完成,
TB0000033,2026-08-05 14:48:07,2132850,服饰鞋包-商品2850,1,153.2,153.2,0,0,10034,未退款,已完成,
TB0000034,2026-08-12 12:18:37,2736714,美妆个护-商品6714,1,205.54,205.54,0,0,10034,未退款,已完成,
TB0000035,2026-08-04 21:26:19,4046577,服饰鞋包-商品6577,1,86.77,86.77,0,0,10035,未退款,已完成,
TB0000036,2026-08-05 12:34:14,1265317,服饰鞋包-商品5317,1,103.66,103.66,0,0,10035,未退款,已完成,
TB0000036,2026-08-05 12:34:14,3641558,服饰鞋包-商品1558,1,176.95,176.95,0,0,10035,未退款,已完成,
TB0000037,2026-08-06 14:51:11,1562036,母婴玩具-商品2036,1,41.11,41.11,0,0,10035,未退款,已完成,
TB0000038,2026-08-09 12:08:10,2976687,母婴玩具-商品6687,1,87.62,87.62,0,0,100002,未退款,已完成,
TB0000039,2026-08-10 00:33:35,4151948,运动户外-商品1948,1,243.93,243.93,0,0,100009,未退款,已完成,
TB0000040,2026-08-11 01:39:23,1329654,图书文创-商品9654,1,21.01,21.01,0,0,100009,未退款,已完成,
TB0000041,2026-08-04 16:14:27,341797,数码家电-商品1797,1,573.57,573.57,0,0,100030,未退款,已完成,
TB0000041,2026-08-04 16:14:27,2149396,数码家电-商品9396,1,157.95,157.95,0,0,100030,未退款,已完成,
TB0000041,2026-08-04 16:14:27,2074546,数码家电-商品4546,1,371.93,371.93,0,0,100030,未退款,已完成,
TB0000041,2026-08-04 16:14:27,2494086,数码家电-商品4086,1,261.77,261.77,0,0,100030,未退款,已完成,
TB0000042,2026-08-06 15:31:56,2076192,数码家电-商品6192,1,240.63,240.63,0,0,100059,未退款,已完成,
TB0000043,2026-08-04 05:15:01,4309220,美妆个护-商品9220,1,264.82,264.82,0,0,100068,未退款,已完成,
TB0000044,2026-08-05 16:07:04,1963003,服饰鞋包-商品3003,1,174.43,174.43,0,0,100068,未退款,已完成,
TB0000044,2026-08-05 16:07:04,1048137,运动户外-商品8137,1,140.02,140.02,0,0,100068,未退款,已完成,
TB0000045,2026-08-09 06:00:11,784642,母婴玩具-商品4642,1,175.26,175.26,0,0,100068,已退款,已退款,
TB0000046,2026-08-08 17:45:13,551325,家居日用-商品1325,1,112.31,112.31,0,0,100075,未退款,已完成,
TB0000047,2026-08-09 01:13:40,551325,家居日用-商品1325,1,74.92,74.92,0,0,100075,未退款,已完成,
TB0000048,2026-08-05 23:54:16,4468878,图书文创-商品8878,1,35.45,35.45,0,0,100088,未退款,已完成,
TB0000049,2026-08-11 04:44:29,3192110,图书文创-商品2110,1,50.54,50.54,0,0,100088,未退款,已完成,
TB0000050,2026-08-07 11:09:19,3021166,母婴玩具-商品1166,1,105.32,105.32,0,0,100091,未退款,已完成,
TB0000051,2026-08-12 05:31:35,4583271,母婴玩具-商品3271,1,137.58,137.58,0,0,100091,未退款,已完成,
TB0000052,2026-08-12 05:42:08,3983569,食品生鲜-商品3569,1,39.92,39.92,0,0,100091,未退款,已完成,
TB0000053,2026-08-08 06:14:47,1788539,美妆个护-商品8539,1,36.55,36.55,0,0,100095,未退款,已完成,
TB0000054,2026-08-04 02:22:53,3033982,家居日用-商品3982,1,17.76,17.76,0,0,100101,未退款,已完成,
TB0000055,2026-08-04 02:30:41,5008412,美妆个护-商品8412,1,204.4,204.4,0,0,100101,未退款,已完成,
TB0000056,2026-08-04 05:22:01,4172922,美妆个护-商品2922,1,247.12,247.12,0,0,100101,未退款,已完成,
TB0000057,2026-08-04 08:08:19,4263046,家居日用-商品3046,1,18.96,18.96,0,0,100101,未退款,已完成,
TB0000058,2026-08-04 08:13:14,2238186,母婴玩具-商品8186,1,165.94,165.94,0,0,100101,未退款,已完成,
TB0000058,2026-08-04 08:13:14,456858,运动户外-商品6858,1,271.97,271.97,0,0,100101,未退款,已完成,
TB0000059,2026-08-05 05:40:31,3973748,美妆个护-商品3748,1,69.14,69.14,0,0,100101,未退款,已完成,
TB0000060,2026-08-05 08:10:28,1265691,美妆个护-商品5691,1,57.68,57.68,0,0,100101,未退款,已完成,
TB0000061,2026-08-06 00:35:45,3015146,美妆个护-商品5146,1,35.15,35.15,0,0,100101,未退款,已完成,
TB0000062,2026-08-06 02:17:05,1182441,家居日用-商品2441,1,33.62,33.62,0,0,100101,未退款,已完成,
TB0000063,2026-08-06 04:46:38,3506728,家居日用-商品6728,1,64.78,64.78,0,0,100101,未退款,已完成,
TB0000064,2026-08-06 07:15:35,4423176,服饰鞋包-商品3176,1,160.76,160.76,0,0,100101,未退款,已完成,
TB0000065,2026-08-07 01:34:15,2441473,图书文创-商品1473,1,40.91,40.91,0,0,100101,未退款,已完成,
TB0000066,2026-08-07 13:15:00,3792151,图书文创-商品2151,1,65.71,65.71,0,0,100101,未退款,已完成,
TB0000067,2026-08-07 13:29:25,4419446,美妆个护-商品9446,1,114.25,114.25,0,0,100101,未退款,已完成,
TB0000068,2026-08-08 04:58:49,980372,数码家电-商品0372,1,627.94,627.94,0,0,100101,未退款,已完成,
TB0000069,2026-08-08 08:39:43,509135,家居日用-商品9135,1,42.57,42.57,0,0,100101,未退款,已完成,
TB0000070,2026-08-08 08:43:28,756251,数码家电-商品6251,1,159.56,159.56,0,0,100101,未退款,已完成,
TB0000070,2026-08-08 08:43:28,4865852,图书文创-商品5852,1,24.41,24.41,0,0,100101,未退款,已完成,
TB0000071,2026-08-09 01:20:38,2621875,美妆个护-商品1875,1,167.57,167.57,0,0,100101,未退款,已完成,
TB0000072,2026-08-09 02:32:58,3147746,母婴玩具-商品7746,1,152.02,152.02,0,0,100101,未退款,已完成,
TB0000073,2026-08-09 07:17:22,4302073,家居日用-商品2073,1,120.12,120.12,0,0,100101,未退款,已完成,
TB0000074,2026-08-09 11:42:33,2331391,运动户外-商品1391,1,173.13,173.13,0,0,100101,未退款,已完成,
TB0000075,2026-08-10 01:55:33,3935808,美妆个护-商品5808,1,116.4,116.4,0,0,100101,未退款,已完成,
TB0000076,2026-08-10 12:09:27,2955350,运动户外-商品5350,1,78.04,78.04,0,0,100101,未退款,已完成,
TB0000077,2026-08-11 07:11:35,4736935,图书文创-商品6935,1,46.02,46.02,0,0,100101,未退款,已完成,
TB0000078,2026-08-11 07:23:04,3081621,美妆个护-商品1621,1,45.01,45.01,0,0,100101,未退款,已完成,
TB0000079,2026-08-12 05:38:02,1853559,运动户外-商品3559,1,100.01,100.01,0,0,100101,未退款,已完成,
TB0000080,2026-08-11 09:26:29,3146083,数码家电-商品6083,1,655.96,655.96,0,0,100103,未退款,已完成,
TB0000081,2026-08-11 14:43:44,1844866,服饰鞋包-商品4866,1,116.08,116.08,0,0,100105,未退款,已完成,
TB0000082,2026-08-11 15:13:51,4160755,母婴玩具-商品0755,1,88.57,88.57,0,0,100105,未退款,已完成,
TB0000083,2026-08-12 08:03:13,1497786,美妆个护-商品7786,1,272.41,272.41,0,0,100105,未退款,已完成,
TB0000084,2026-08-05 12:50:50,4552528,家居日用-商品2528,1,31.51,31.51,0,0,100107,未退款,已完成,
TB0000085,2026-08-07 23:41:52,3325584,服饰鞋包-商品5584,1,175.07,175.07,0,0,100107,已退款,已退款,
TB0000086,2026-08-12 10:34:17,3325584,服饰鞋包-商品5584,1,83.05,83.05,0,0,100107,未退款,已完成,
TB0000087,2026-08-08 06:02:43,2550654,运动户外-商品0654,1,281.04,281.04,0,0,100109,未退款,已完成,
TB0000088,2026-08-04 15:24:14,3745851,母婴玩具-商品5851,1,37.4,37.4,0,0,100113,未退款,已完成,
TB0000089,2026-08-06 10:06:42,480005,母婴玩具-商品0005,1,182.33,182.33,0,0,100113,未退款,已完成,
TB0000090,2026-08-08 09:08:28,4190024,母婴玩具-商品0024,1,184.2,184.2,0,0,100113,未退款,已完成,
TB0000091,2026-08-04 04:25:28,2418607,家居日用-商品8607,1,46.62,46.62,0,0,100116,已退款,已退款,
TB0000092,2026-08-05 15:45:01,1019124,家居日用-商品9124,1,81.21,81.21,0,0,100116,未退款,已完成,
TB0000093,2026-08-06 11:53:44,4098455,家居日用-商品8455,1,84.63,84.63,0,0,100116,未退款,已完成,
TB0000094,2026-08-08 10:42:28,2306360,美妆个护-商品6360,1,286.08,286.08,0,0,100116,未退款,已完成,
TB0000095,2026-08-08 12:16:37,3147410,图书文创-商品7410,1,27.19,27.19,0,0,100116,未退款,已完成,
TB0000096,2026-08-09 11:12:18,1615503,美妆个护-商品5503,1,55.98,55.98,0,0,100116,未退款,已完成,
TB0000097,2026-08-09 12:37:23,4546123,食品生鲜-商品6123,1,60.51,60.51,0,0,100116,未退款,已完成,
TB0000098,2026-08-10 00:25:53,1019124,家居日用-商品9124,1,52.39,52.39,0,0,100116,未退款,已完成,
TB0000099,2026-08-10 02:43:25,2560951,美妆个护-商品0951,1,152.91,152.91,0,0,100116,未退款,已完成,
TB0000100,2026-08-10 08:50:11,1994697,母婴玩具-商品4697,1,126.84,126.84,0,0,100116,已退款,已退款,
TB0000101,2026-08-11 03:47:42,4131397,数码家电-商品1397,1,181.21,181.21,0,0,100116,未退款,已完成,
TB0000102,2026-08-12 01:32:11,3903657,家居日用-商品3657,1,112.69,112.69,0,0,100116,未退款,已完成,
TB0000103,2026-08-12 07:11:06,1441548,食品生鲜-商品1548,1,27.47,27.47,0,0,100116,未退款,已完成,
TB0000104,2026-08-06 01:39:33,3397193,运动户外-商品7193,1,362.27,362.27,0,0,100128,未退款,已完成,
TB0000105,2026-08-11 02:07:28,4966291,数码家电-商品6291,1,581.61,581.61,0,0,100128,未退款,已完成,
TB0000106,2026-08-03 16:47:25,2744564,家居日用-商品4564,1,101.09,101.09,0,0,100134,未退款,已完成,
TB0000107,2026-08-03 16:49:08,1892478,数码家电-商品2478,1,165.49,165.49,0,0,100134,未退款,已完成,
TB0000108,2026-08-03 16:51:19,572713,家居日用-商品2713,1,120.79,120.79,0,0,100134,未退款,已完成,
TB0000109,2026-08-03 17:17:14,1324310,美妆个护-商品4310,1,137.27,137.27,0,0,100134,未退款,已完成,
TB0000110,2026-08-03 17:18:30,1984229,美妆个护-商品4229,1,278.83,278.83,0,0,100134,未退款,已完成,
TB0000111,2026-08-03 17:48:22,2780055,运动户外-商品0055,1,241.68,241.68,0,0,100134,未退款,已完成,
TB0000112,2026-08-03 17:55:39,3384545,家居日用-商品4545,1,94.03,94.03,0,0,100134,未退款,已完成,
TB0000113,2026-08-03 18:03:19,4378118,食品生鲜-商品8118,1,12.74,12.74,0,0,100134,未退款,已完成,
TB0000114,2026-08-05 11:43:39,3527523,数码家电-商品7523,1,613.56,613.56,0,0,100134,未退款,已完成,
TB0000115,2026-08-05 12:07:42,3445545,家居日用-商品5545,1,139.61,139.61,0,0,100134,未退款,已完成,
TB0000116,2026-08-05 15:12:58,1521404,数码家电-商品1404,1,524.58,524.58,0,0,100134,未退款,已完成,
TB0000117,2026-08-05 15:16:45,520142,数码家电-商品0142,1,483.92,483.92,0,0,100134,未退款,已完成,
TB0000118,2026-08-06 08:02:00,1835160,家居日用-商品5160,1,146.48,146.48,0,0,100134,未退款,已完成,
TB0000119,2026-08-07 11:29:44,4706669,美妆个护-商品6669,1,138.63,138.63,0,0,100134,未退款,已完成,
TB0000120,2026-08-08 11:00:14,1952629,数码家电-商品2629,1,103.12,103.12,0,0,100141,未退款,已完成,
TB0000121,2026-08-11 11:29:12,4688200,数码家电-商品8200,1,790.09,790.09,0,0,100141,未退款,已完成,
TB0000122,2026-08-08 02:51:55,4208840,美妆个护-商品8840,1,102.87,102.87,0,0,100164,未退款,已完成,
TB0000123,2026-08-06 04:30:39,3595771,运动户外-商品5771,1,166.97,166.97,0,0,100173,未退款,已完成,
TB0000124,2026-08-06 06:12:24,2384033,家居日用-商品4033,1,153.69,153.69,0,0,100173,未退款,已完成,
TB0000125,2026-08-06 06:42:41,459051,食品生鲜-商品9051,1,32.62,32.62,0,0,100173,未退款,已完成,
TB0000126,2026-08-07 11:34:18,5133563,服饰鞋包-商品3563,1,141.84,141.84,0,0,100173,未退款,已完成,
TB0000127,2026-08-10 12:31:11,3501133,母婴玩具-商品1133,1,79.94,79.94,0,0,100173,已退款,已退款,
TB0000127,2026-08-10 12:31:11,1241252,母婴玩具-商品1252,1,169.13,169.13,0,0,100173,已退款,已退款,
TB0000128,2026-08-12 01:42:21,2719532,美妆个护-商品9532,1,85.53,85.53,0,0,100173,未退款,已完成,
TB0000129,2026-08-12 01:49:24,2679327,美妆个护-商品9327,1,239.03,239.03,0,0,100173,未退款,已完成,
TB0000130,2026-08-07 11:52:37,858775,数码家电-商品8775,1,334.9,334.9,0,0,100177,未退款,已完成,
TB0000131,2026-08-07 12:17:28,215575,数码家电-商品5575,1,192.67,192.67,0,0,100177,未退款,已完成,
TB0000132,2026-08-07 12:20:25,1982220,母婴玩具-商品2220,1,184.39,184.39,0,0,100177,未退款,已完成,
TB0000133,2026-08-11 10:33:21,629319,运动户外-商品9319,1,222.12,222.12,0,0,100184,未退款,已完成,
TB0000134,2026-08-05 02:13:50,968355,图书文创-商品8355,1,12.11,12.11,0,0,100186,未退款,已完成,
TB0000135,2026-08-07 02:50:27,1240593,食品生鲜-商品0593,1,9.45,9.45,0,0,100186,未退款,已完成,
TB0000136,2026-08-09 11:07:23,4471946,运动户外-商品1946,1,236.37,236.37,0,0,100186,未退款,已完成,
TB0000137,2026-08-11 09:01:18,663180,食品生鲜-商品3180,1,79.52,79.52,0,0,100186,未退款,已完成,
TB0000138,2026-08-11 09:13:17,1040073,家居日用-商品0073,1,81.56,81.56,0,0,100186,未退款,已完成,
TB0000139,2026-08-08 05:34:21,566509,母婴玩具-商品6509,1,43.89,43.89,0,0,100191,未退款,已完成,
TB0000140,2026-08-09 02:47:39,3265881,美妆个护-商品5881,1,240.56,240.56,0,0,100191,未退款,已完成,
TB0000141,2026-08-10 07:52:37,5098105,美妆个护-商品8105,1,211.85,211.85,0,0,100191,未退款,已完成,
TB0000142,2026-08-10 08:01:12,2751923,家居日用-商品1923,1,62.55,62.55,0,0,100191,未退款,已完成,
TB0000143,2026-08-10 11:00:06,4032367,运动户外-商品2367,1,188.13,188.13,0,0,100191,未退款,已完成,
TB0000144,2026-08-07 10:59:54,1381913,美妆个护-商品1913,1,89.21,89.21,0,0,100197,未退款,已完成,
TB0000145,2026-08-12 10:46:26,1518231,美妆个护-商品8231,1,131.3,131.3,0,0,100197,未退款,已完成,
TB0000146,2026-08-06 14:31:42,2992525,美妆个护-商品2525,1,249.24,249.24,0,0,100204,未退款,已完成,
TB0000146,2026-08-06 14:31:42,1584628,美妆个护-商品4628,1,212.69,212.69,0,0,100204,未退款,已完成,
TB0000147,2026-08-07 04:45:17,4126884,图书文创-商品6884,1,57.1,57.1,0,0,100204,未退款,已完成,
TB0000148,2026-08-07 05:03:49,3286960,母婴玩具-商品6960,1,183.72,183.72,0,0,100204,未退款,已完成,
TB0000149,2026-08-07 07:31:05,1358099,图书文创-商品8099,1,22.23,22.23,0,0,100204,未退款,已完成,
TB0000150,2026-08-08 14:44:09,1150186,家居日用-商品0186,1,128.93,128.93,0,0,100215,未退款,已完成,
TB0000151,2026-08-10 16:06:33,2402579,家居日用-商品2579,1,108.84,108.84,0,0,100215,未退款,已完成,
TB0000152,2026-08-11 04:19:14,3636634,数码家电-商品6634,1,117.93,117.93,0,0,100215,未退款,已完成,
TB0000153,2026-08-05 02:12:35,4151058,家居日用-商品1058,1,88.03,88.03,0,0,100225,已退款,已退款,
TB0000154,2026-08-12 03:32:11,2475604,家居日用-商品5604,1,118.23,118.23,0,0,100225,未退款,已完成,
TB0000155,2026-08-12 06:23:11,4414988,美妆个护-商品4988,1,109.63,109.63,0,0,100227,未退款,已完成,
TB0000156,2026-08-07 08:27:25,2173868,母婴玩具-商品3868,1,38.37,38.37,0,0,100234,未退款,已完成,
TB0000156,2026-08-07 08:27:25,2806031,母婴玩具-商品6031,1,24.15,24.15,0,0,100234,未退款,已完成,
TB0000156,2026-08-07 08:27:25,5018627,家居日用-商品8627,1,67.8,67.8,0,0,100234,未退款,已完成,
TB0000156,2026-08-07 08:27:25,4161511,运动户外-商品1511,1,140.31,140.31,0,0,100234,未退款,已完成,
TB0000157,2026-08-07 08:27:59,1641665,家居日用-商品1665,1,112.44,112.44,0,0,100234,未退款,已完成,
TB0000158,2026-08-07 12:58:00,2317551,食品生鲜-商品7551,1,19.38,19.38,0,0,100234,未退款,已完成,
TB0000159,2026-08-06 13:59:25,1319902,数码家电-商品9902,1,288.81,288.81,0,0,100242,未退款,已完成,
TB0000159,2026-08-06 13:59:25,2953293,食品生鲜-商品3293,1,78.59,78.59,0,0,100242,未退款,已完成,
TB0000160,2026-08-07 23:32:37,1883901,美妆个护-商品3901,1,54.6,54.6,0,0,100242,未退款,已完成,
TB0000160,2026-08-07 23:32:37,5111655,美妆个护-商品1655,1,68.46,68.46,0,0,100242,未退款,已完成,
TB0000161,2026-08-09 13:32:59,671147,美妆个护-商品1147,1,127.06,127.06,0,0,100242,未退款,已完成,
TB0000162,2026-08-12 03:12:36,3576585,数码家电-商品6585,1,746.65,746.65,0,0,100243,未退款,已完成,
TB0000163,2026-08-12 05:55:40,1030531,运动户外-商品0531,1,53.73,53.73,0,0,100243,未退款,已完成,
TB0000164,2026-08-04 15:31:13,3648472,运动户外-商品8472,1,336.65,336.65,0,0,100249,已退款,已退款,
TB0000165,2026-08-07 13:39:04,1009464,图书文创-商品9464,1,37.99,37.99,0,0,100249,未退款,已完成,
TB0000166,2026-08-06 03:34:58,923499,运动户外-商品3499,1,279.66,279.66,0,0,100257,已退款,已退款,
TB0000167,2026-08-08 04:40:31,2317551,食品生鲜-商品7551,1,17.4,17.4,0,0,100257,未退款,已完成,
TB0000168,2026-08-09 05:10:14,5013880,美妆个护-商品3880,1,287.84,287.84,0,0,100257,未退款,已完成,
TB0000169,2026-08-10 00:31:41,1097810,图书文创-商品7810,1,23.45,23.45,0,0,100257,未退款,已完成,
TB0000170,2026-08-10 13:28:27,309462,母婴玩具-商品9462,1,127.96,127.96,0,0,100257,未退款,已完成,
TB0000171,2026-08-11 23:30:07,2711007,运动户外-商品1007,1,121.03,121.03,0,0,100257,未退款,已完成,
TB0000172,2026-08-08 23:16:36,5002645,运动户外-商品2645,1,129.05,129.05,0,0,100259,未退款,已完成,
TB0000173,2026-08-08 13:04:20,4771138,数码家电-商品1138,1,329.66,329.66,0,0,100261,未退款,已完成,
TB0000174,2026-08-12 15:27:23,3712186,美妆个护-商品2186,1,138.71,138.71,0,0,100261,未退款,已完成,
TB0000175,2026-08-06 09:02:32,4333553,服饰鞋包-商品3553,1,59.51,59.51,0,0,100264,未退款,已完成,
TB0000176,2026-08-11 14:15:33,3781993,运动户外-商品1993,1,342.36,342.36,0,0,100264,未退款,已完成,
TB0000177,2026-08-06 05:47:45,1385053,运动户外-商品5053,1,258.45,258.45,0,0,100277,未退款,已完成,
TB0000178,2026-08-04 04:17:24,744819,数码家电-商品4819,1,756.36,756.36,0,0,100279,未退款,已完成,
TB0000179,2026-08-12 12:10:34,744819,数码家电-商品4819,1,507.74,507.74,0,0,100279,未退款,已完成,
TB0000180,2026-08-12 12:28:16,744819,数码家电-商品4819,1,236.39,236.39,0,0,100279,未退款,已完成,
TB0000181,2026-08-06 23:08:41,4684234,食品生鲜-商品4234,1,88.35,88.35,0,0,100284,未退款,已完成,
TB0000182,2026-08-10 23:54:36,2899675,美妆个护-商品9675,1,113.16,113.16,0,0,100285,未退款,已完成,
TB0000183,2026-08-06 14:01:24,3101307,家居日用-商品1307,1,149.0,149.0,0,0,100292,未退款,已完成,
TB0000184,2026-08-06 14:31:39,1248691,数码家电-商品8691,1,377.85,377.85,0,0,100292,未退款,已完成,
TB0000185,2026-08-04 00:41:50,2659241,数码家电-商品9241,1,788.25,788.25,0,0,100294,未退款,已完成,
TB0000186,2026-08-04 00:50:33,1939639,数码家电-商品9639,1,195.18,195.18,0,0,100294,未退款,已完成,
TB0000187,2026-08-09 22:10:03,5003692,服饰鞋包-商品3692,1,141.45,141.45,0,0,100294,未退款,已完成,
TB0000188,2026-08-09 22:25:37,1111582,食品生鲜-商品1582,1,62.09,62.09,0,0,100294,未退款,已完成,
TB0000189,2026-08-12 01:55:44,1023735,食品生鲜-商品3735,1,63.69,63.69,0,0,100294,未退款,已完成,
TB0000190,2026-08-08 08:56:59,1064105,数码家电-商品4105,1,800.11,800.11,0,0,100307,未退款,已完成,
TB0000191,2026-08-09 06:56:13,2430516,美妆个护-商品0516,1,105.28,105.28,0,0,100307,未退款,已完成,
TB0000192,2026-08-07 01:49:34,4321890,食品生鲜-商品1890,1,29.79,29.79,0,0,100308,未退款,已完成,
TB0000193,2026-08-11 08:15:42,2218133,数码家电-商品8133,1,463.02,463.02,0,0,100313,未退款,已完成,
TB0000194,2026-08-09 05:38:23,388469,食品生鲜-商品8469,1,22.11,22.11,0,0,100318,未退款,已完成,
TB0000195,2026-08-12 13:04:43,2184704,母婴玩具-商品4704,1,172.37,172.37,0,0,100318,未退款,已完成,
TB0000196,2026-08-06 19:44:50,4737791,数码家电-商品7791,1,229.54,229.54,0,0,100324,未退款,已完成,
TB0000197,2026-08-07 13:58:14,4171975,运动户外-商品1975,1,246.2,246.2,0,0,100324,未退款,已完成,
TB0000198,2026-08-05 10:02:39,4236657,美妆个护-商品6657,1,147.04,147.04,0,0,100339,未退款,已完成,
TB0000199,2026-08-05 08:07:30,2319141,图书文创-商品9141,1,48.02,48.02,0,0,100340,已退款,已退款,
TB0000200,2026-08-08 12:06:15,1753026,数码家电-商品3026,1,591.41,591.41,0,0,100340,未退款,已完成,
TB0000201,2026-08-10 13:05:44,235562,食品生鲜-商品5562,1,30.81,30.81,0,0,100340,未退款,已完成,
TB0000202,2026-08-09 13:51:50,139137,服饰鞋包-商品9137,1,45.32,45.32,0,0,100346,未退款,已完成,
TB0000203,2026-08-05 04:43:28,27670,运动户外-商品7670,1,244.75,244.75,0,0,100356,未退款,已完成,
TB0000204,2026-08-07 14:45:37,3437459,服饰鞋包-商品7459,1,189.96,189.96,0,0,100356,未退款,已完成,
TB0000205,2026-08-11 13:34:46,968355,图书文创-商品8355,1,67.39,67.39,0,0,100356,未退款,已完成,
TB0000206,2026-08-12 06:36:50,3223820,服饰鞋包-商品3820,1,149.74,149.74,0,0,100356,未退款,已完成,
TB0000207,2026-08-12 10:46:15,2897967,图书文创-商品7967,1,50.47,50.47,0,0,100356,未退款,已完成,
TB0000208,2026-08-12 10:56:32,4003092,母婴玩具-商品3092,1,101.3,101.3,0,0,100356,未退款,已完成,
TB0000209,2026-08-11 04:03:43,62008,服饰鞋包-商品2008,1,140.7,140.7,0,0,100357,未退款,已完成,
TB0000210,2026-08-11 04:10:00,1160964,数码家电-商品0964,1,195.21,195.21,0,0,100357,未退款,已完成,
TB0000211,2026-08-06 12:48:49,4142765,数码家电-商品2765,1,885.86,885.86,0,0,100363,未退款,已完成,
TB0000212,2026-08-07 11:55:59,3815714,服饰鞋包-商品5714,1,84.49,84.49,0,0,100363,未退款,已完成,
TB0000213,2026-08-10 12:02:34,3467192,运动户外-商品7192,1,364.11,364.11,0,0,100370,未退款,已完成,
TB0000214,2026-08-12 07:03:39,1968385,美妆个护-商品8385,1,68.92,68.92,0,0,100370,未退款,已完成,
TB0000215,2026-08-08 08:01:00,1507627,美妆个护-商品7627,1,153.03,153.03,0,0,100377,未退款,已完成,
TB0000216,2026-08-12 05:24:03,1798104,运动户外-商品8104,1,125.09,125.09,0,0,100377,未退款,已完成,
TB0000217,2026-08-12 05:41:22,1798104,运动户外-商品8104,1,264.69,264.69,0,0,100377,未退款,已完成,
TB0000218,2026-08-04 08:24:20,1611535,运动户外-商品1535,1,98.39,98.39,0,0,100388,未退款,已完成,
TB0000219,2026-08-11 02:22:04,4378389,美妆个护-商品8389,1,161.14,161.14,0,0,100388,未退款,已完成,
TB0000220,2026-08-12 07:03:54,2781598,图书文创-商品1598,1,34.67,34.67,0,0,100388,未退款,已完成,
TB0000221,2026-08-04 03:40:59,3085447,图书文创-商品5447,1,12.23,12.23,0,0,100395,未退款,已完成,
TB0000222,2026-08-11 04:54:07,3217399,数码家电-商品7399,1,563.89,563.89,0,0,100395,未退款,已完成,
TB0000223,2026-08-05 05:24:23,837560,数码家电-商品7560,1,632.1,632.1,0,0,100401,未退款,已完成,
TB0000224,2026-08-05 14:00:08,373734,数码家电-商品3734,1,767.75,767.75,0,0,100401,未退款,已完成,
TB0000225,2026-08-07 04:30:27,832785,母婴玩具-商品2785,1,145.27,145.27,0,0,100428,未退款,已完成,
TB0000226,2026-08-12 01:22:53,4088463,图书文创-商品8463,1,67.24,67.24,0,0,1000001,未退款,已完成,
TB0000227,2026-08-04 01:06:44,3991727,食品生鲜-商品1727,1,76.04,76.04,0,0,1000011,未退款,已完成,
TB0000228,2026-08-04 09:59:01,404297,图书文创-商品4297,1,49.02,49.02,0,0,1000011,未退款,已完成,
TB0000229,2026-08-08 05:55:33,1934938,食品生鲜-商品4938,1,88.63,88.63,0,0,1000027,未退款,已完成,
TB0000230,2026-08-12 15:15:02,3241094,家居日用-商品1094,1,45.32,45.32,0,0,1000027,未退款,已完成,
TB0000231,2026-08-08 05:52:07,2621260,数码家电-商品1260,1,345.66,345.66,0,0,1000028,未退款,已完成,
TB0000232,2026-08-10 07:12:19,1910706,数码家电-商品0706,1,164.95,164.95,0,0,1000028,未退款,已完成,
TB0000233,2026-08-11 13:08:39,863811,数码家电-商品3811,1,440.3,440.3,0,0,1000028,未退款,已完成,
TB0000234,2026-08-12 02:18:26,3947413,母婴玩具-商品7413,1,121.09,121.09,0,0,1000028,未退款,已完成,
TB0000235,2026-08-07 12:39:04,4753136,美妆个护-商品3136,1,108.05,108.05,0,0,1000037,未退款,已完成,
TB0000236,2026-08-07 12:39:48,3233631,美妆个护-商品3631,1,222.8,222.8,0,0,1000037,未退款,已完成,
TB0000237,2026-08-08 12:37:13,4753136,美妆个护-商品3136,1,178.07,178.07,0,0,1000037,未退款,已完成,
TB0000238,2026-08-10 05:44:28,1857072,母婴玩具-商品7072,1,120.9,120.9,0,0,1000037,未退款,已完成,
TB0000239,2026-08-10 10:49:04,303755,食品生鲜-商品3755,1,51.48,51.48,0,0,1000037,未退款,已完成,
TB0000240,2026-08-06 03:35:17,3916598,数码家电-商品6598,1,391.71,391.71,0,0,1000054,未退款,已完成,
TB0000241,2026-08-08 12:28:55,3643674,图书文创-商品3674,1,16.3,16.3,0,0,1000054,未退款,已完成,
TB0000242,2026-08-09 03:57:19,167362,数码家电-商品7362,1,441.43,441.43,0,0,1000054,未退款,已完成,
TB0000243,2026-08-11 11:41:59,167362,数码家电-商品7362,1,271.41,271.41,0,0,1000054,未退款,已完成,
TB0000244,2026-08-10 03:27:55,5129067,美妆个护-商品9067,1,25.7,25.7,0,0,1000060,未退款,已完成,
TB0000245,2026-08-05 14:11:13,1120968,食品生鲜-商品0968,1,96.16,96.16,0,0,1000061,未退款,已完成,
TB0000246,2026-08-12 14:13:00,1388090,母婴玩具-商品8090,1,28.19,28.19,0,0,1000061,未退款,已完成,
TB0000247,2026-08-12 14:42:53,3085401,美妆个护-商品5401,1,295.74,295.74,0,0,1000061,未退款,已完成,
TB0000248,2026-08-07 05:38:47,3716878,美妆个护-商品6878,1,295.86,295.86,0,0,1000070,未退款,已完成,
TB0000249,2026-08-05 03:07:41,3211011,美妆个护-商品1011,1,77.6,77.6,0,0,1000084,未退款,已完成,
TB0000250,2026-08-06 02:46:42,2675133,美妆个护-商品5133,1,235.74,235.74,0,0,1000084,未退款,已完成,
TB0000250,2026-08-06 02:46:42,2086401,美妆个护-商品6401,1,257.58,257.58,0,0,1000084,未退款,已完成,
TB0000251,2026-08-06 03:29:51,3350364,家居日用-商品0364,1,50.87,50.87,0,0,1000084,未退款,已完成,
TB0000252,2026-08-09 03:03:16,3355175,母婴玩具-商品5175,1,152.45,152.45,0,0,1000084,未退款,已完成,
TB0000253,2026-08-12 05:03:58,3891320,数码家电-商品1320,1,135.29,135.29,0,0,1000084,未退款,已完成,
TB0000254,2026-08-12 07:12:14,2425522,图书文创-商品5522,1,34.2,34.2,0,0,1000084,未退款,已完成,
TB0000255,2026-08-05 06:58:34,2426361,运动户外-商品6361,1,147.2,147.2,0,0,1000085,未退款,已完成,
TB0000256,2026-08-06 08:27:18,1282204,服饰鞋包-商品2204,1,51.41,51.41,0,0,1000085,未退款,已完成,
TB0000257,2026-08-06 08:27:19,280390,家居日用-商品0390,1,42.91,42.91,0,0,1000085,未退款,已完成,
TB0000257,2026-08-06 08:27:19,697256,食品生鲜-商品7256,1,55.68,55.68,0,0,1000085,未退款,已完成,
TB0000258,2026-08-07 04:07:16,1242107,图书文创-商品2107,1,43.8,43.8,0,0,1000085,已退款,已退款,
TB0000258,2026-08-07 04:07:16,387031,图书文创-商品7031,1,12.57,12.57,0,0,1000085,已退款,已退款,
TB0000259,2026-08-07 04:57:45,253113,图书文创-商品3113,1,16.28,16.28,0,0,1000085,未退款,已完成,
TB0000260,2026-08-07 05:02:45,1242107,图书文创-商品2107,1,67.58,67.58,0,0,1000085,未退款,已完成,
TB0000260,2026-08-07 05:02:45,387031,图书文创-商品7031,1,56.41,56.41,0,0,1000085,未退款,已完成,
TB0000261,2026-08-08 01:50:07,228766,美妆个护-商品8766,1,181.94,181.94,0,0,1000085,未退款,已完成,
TB0000262,2026-08-08 09:16:11,4382786,运动户外-商品2786,1,78.76,78.76,0,0,1000085,未退款,已完成,
TB0000263,2026-08-10 12:32:02,327684,数码家电-商品7684,1,478.18,478.18,0,0,1000085,未退款,已完成,
TB0000264,2026-08-04 11:19:13,808592,家居日用-商品8592,1,103.23,103.23,0,0,1000103,未退款,已完成,
TB0000265,2026-08-08 13:42:54,2981175,母婴玩具-商品1175,1,33.57,33.57,0,0,1000103,未退款,已完成,
TB0000266,2026-08-12 06:59:05,642443,母婴玩具-商品2443,1,66.86,66.86,0,0,1000103,未退款,已完成,
TB0000267,2026-08-12 06:59:06,2135175,母婴玩具-商品5175,1,186.17,186.17,0,0,1000103,未退款,已完成,
TB0000268,2026-08-07 17:37:24,2577764,食品生鲜-商品7764,1,89.72,89.72,0,0,1000115,未退款,已完成,
TB0000269,2026-08-11 07:58:06,4752224,数码家电-商品2224,1,289.8,289.8,0,0,1000115,未退款,已完成,
TB0000270,2026-08-11 09:21:40,2712827,数码家电-商品2827,1,172.55,172.55,0,0,1000115,未退款,已完成,
TB0000270,2026-08-11 09:21:40,3294376,数码家电-商品4376,1,419.2,419.2,0,0,1000115,未退款,已完成,
TB0000271,2026-08-11 09:28:29,2712827,数码家电-商品2827,1,652.35,652.35,0,0,1000115,未退款,已完成,
TB0000271,2026-08-11 09:28:29,3294376,数码家电-商品4376,1,600.63,600.63,0,0,1000115,未退款,已完成,
TB0000272,2026-08-12 10:59:48,2929406,家居日用-商品9406,1,45.63,45.63,0,0,1000115,未退款,已完成,
TB0000273,2026-08-04 14:32:50,843421,数码家电-商品3421,1,724.31,724.31,0,0,1000134,未退款,已完成,
TB0000274,2026-08-04 16:12:33,843421,数码家电-商品3421,1,790.46,790.46,0,0,1000134,未退款,已完成,
TB0000275,2026-08-11 15:11:49,371483,图书文创-商品1483,1,38.34,38.34,0,0,1000134,未退款,已完成,
TB0000276,2026-08-07 13:04:16,1161410,美妆个护-商品1410,1,43.51,43.51,0,0,1000135,未退款,已完成,
TB0000277,2026-08-10 01:35:52,1766489,家居日用-商品6489,1,63.51,63.51,0,0,1000139,未退款,已完成,
TB0000278,2026-08-12 13:14:54,1584458,美妆个护-商品4458,1,75.67,75.67,0,0,1000139,未退款,已完成,
TB0000279,2026-08-05 02:20:28,899111,运动户外-商品9111,1,230.16,230.16,0,0,1000151,已退款,已退款,
TB0000280,2026-08-06 07:58:13,2753529,运动户外-商品3529,1,269.73,269.73,0,0,1000151,未退款,已完成,
TB0000281,2026-08-12 03:49:45,4828228,服饰鞋包-商品8228,1,76.82,76.82,0,0,1000151,未退款,已完成,
TB0000282,2026-08-05 03:37:26,2727187,食品生鲜-商品7187,1,18.4,18.4,0,0,1000154,未退款,已完成,
TB0000283,2026-08-04 07:12:30,934383,图书文创-商品4383,1,45.57,45.57,0,0,1000165,未退款,已完成,
TB0000284,2026-08-10 16:26:40,3334782,图书文创-商品4782,1,64.86,64.86,0,0,1000165,未退款,已完成,
TB0000285,2026-08-09 03:21:04,3673639,图书文创-商品3639,1,48.29,48.29,0,0,1000169,未退款,已完成,
TB0000286,2026-08-09 01:41:17,3904698,图书文创-商品4698,1,45.71,45.71,0,0,1000186,未退款,已完成,
TB0000287,2026-08-04 02:05:22,2037794,服饰鞋包-商品7794,1,98.9,98.9,0,0,1000191,未退款,已完成,
TB0000288,2026-08-04 02:15:01,1436096,服饰鞋包-商品6096,1,144.5,144.5,0,0,1000191,未退款,已完成,
TB0000289,2026-08-11 09:29:18,363706,数码家电-商品3706,1,449.31,449.31,0,0,1000191,未退款,已完成,
TB0000290,2026-08-11 10:33:00,4879844,家居日用-商品9844,1,98.81,98.81,0,0,1000191,未退款,已完成,
TB0000291,2026-08-11 11:04:30,4319337,母婴玩具-商品9337,1,197.28,197.28,0,0,1000191,未退款,已完成,
TB0000292,2026-08-08 15:04:33,3997987,图书文创-商品7987,1,52.43,52.43,0,0,1000194,已退款,已退款,
TB0000293,2026-08-05 02:29:59,4378276,服饰鞋包-商品8276,1,60.71,60.71,0,0,1000204,未退款,已完成,
TB0000294,2026-08-07 03:32:53,4893461,美妆个护-商品3461,1,235.2,235.2,0,0,1000209,未退款,已完成,
TB0000295,2026-08-07 05:45:23,2313092,美妆个护-商品3092,1,39.85,39.85,0,0,1000209,未退款,已完成,
TB0000296,2026-08-07 06:21:09,3513369,食品生鲜-商品3369,1,59.62,59.62,0,0,1000209,未退款,已完成,
TB0000297,2026-08-04 13:24:05,2397544,服饰鞋包-商品7544,1,154.58,154.58,0,0,1000222,未退款,已完成,
TB0000298,2026-08-05 00:25:05,2397544,服饰鞋包-商品7544,1,45.02,45.02,0,0,1000222,未退款,已完成,
TB0000299,2026-08-05 23:33:30,1341388,服饰鞋包-商品1388,1,119.15,119.15,0,0,1000222,未退款,已完成,
TB0000300,2026-08-05 23:37:25,3461725,数码家电-商品1725,1,527.92,527.92,0,0,1000222,未退款,已完成,
TB0000301,2026-08-08 10:37:36,2821630,美妆个护-商品1630,1,117.96,117.96,0,0,1000222,未退款,已完成,
TB0000301,2026-08-08 10:37:36,4429587,美妆个护-商品9587,1,91.18,91.18,0,0,1000222,未退款,已完成,
TB0000302,2026-08-04 06:51:24,2730342,图书文创-商品0342,1,68.15,68.15,0,0,1000228,未退款,已完成,
TB0000303,2026-08-07 05:48:12,1880571,图书文创-商品0571,1,29.18,29.18,0,0,1000228,未退款,已完成,
TB0000304,2026-08-07 14:33:21,329628,运动户外-商品9628,1,83.39,83.39,0,0,1000228,未退款,已完成,
TB0000305,2026-08-08 07:31:38,3815973,美妆个护-商品5973,1,234.83,234.83,0,0,1000228,未退款,已完成,
TB0000306,2026-08-09 04:23:26,4706681,图书文创-商品6681,1,41.98,41.98,0,0,1000228,未退款,已完成,
TB0000307,2026-08-09 14:54:38,5044003,美妆个护-商品4003,1,53.39,53.39,0,0,1000236,未退款,已完成,
TB0000308,2026-08-05 01:58:54,2766083,服饰鞋包-商品6083,1,169.73,169.73,0,0,1000251,未退款,已完成,
TB0000309,2026-08-07 09:30:32,4705577,食品生鲜-商品5577,1,21.49,21.49,0,0,1000251,未退款,已完成,
TB0000310,2026-08-07 09:34:20,855702,数码家电-商品5702,1,588.45,588.45,0,0,1000251,未退款,已完成,
TB0000311,2026-08-05 13:00:12,2076430,数码家电-商品6430,1,477.96,477.96,0,0,1000263,已退款,已退款,
TB0000312,2026-08-06 02:56:55,3238416,食品生鲜-商品8416,1,40.52,40.52,0,0,1000263,未退款,已完成,
TB0000313,2026-08-11 12:31:20,2378086,图书文创-商品8086,1,13.32,13.32,0,0,1000263,未退款,已完成,
TB0000314,2026-08-11 12:50:30,2853105,食品生鲜-商品3105,1,9.88,9.88,0,0,1000263,已退款,已退款,
TB0000315,2026-08-07 15:03:03,3921636,数码家电-商品1636,1,387.2,387.2,0,0,1000269,未退款,已完成,
TB0000316,2026-08-12 01:58:41,3559629,数码家电-商品9629,1,348.83,348.83,0,0,1000269,未退款,已完成,
TB0000317,2026-08-12 02:13:58,4834624,家居日用-商品4624,1,54.45,54.45,0,0,1000269,未退款,已完成,
TB0000318,2026-08-05 06:54:12,1760208,服饰鞋包-商品0208,1,127.54,127.54,0,0,1000274,未退款,已完成,
TB0000319,2026-08-06 02:05:38,1109681,美妆个护-商品9681,1,111.32,111.32,0,0,1000274,未退款,已完成,
TB0000320,2026-08-06 02:07:59,3303380,数码家电-商品3380,1,567.98,567.98,0,0,1000282,未退款,已完成,
TB0000321,2026-08-06 04:25:17,3263745,母婴玩具-商品3745,1,162.84,162.84,0,0,1000283,未退款,已完成,
TB0000322,2026-08-07 11:06:46,5079166,母婴玩具-商品9166,1,85.03,85.03,0,0,1000291,未退款,已完成,
TB0000323,2026-08-09 11:23:37,1315997,母婴玩具-商品5997,1,189.85,189.85,0,0,1000291,未退款,已完成,
TB0000324,2026-08-10 03:47:40,2596189,服饰鞋包-商品6189,1,156.36,156.36,0,0,1000296,未退款,已完成,
TB0000325,2026-08-10 23:29:49,4960832,食品生鲜-商品0832,1,30.12,30.12,0,0,1000313,未退款,已完成,
TB0000326,2026-08-10 23:59:03,2742490,母婴玩具-商品2490,1,189.03,189.03,0,0,1000313,未退款,已完成,
TB0000327,2026-08-11 17:01:51,2190257,运动户外-商品0257,1,233.78,233.78,0,0,1000313,未退款,已完成,
TB0000327,2026-08-11 17:01:51,1413154,服饰鞋包-商品3154,1,71.39,71.39,0,0,1000313,未退款,已完成,
TB0000328,2026-08-11 17:03:16,4611654,母婴玩具-商品1654,1,168.65,168.65,0,0,1000313,未退款,已完成,
TB0000329,2026-08-05 13:38:35,4421027,美妆个护-商品1027,1,192.01,192.01,0,0,1000317,未退款,已完成,
TB0000330,2026-08-05 14:16:33,587491,母婴玩具-商品7491,1,134.82,134.82,0,0,1000317,未退款,已完成,
TB0000331,2026-08-12 04:12:54,3195646,数码家电-商品5646,1,864.46,864.46,0,0,1000319,未退款,已完成,
TB0000332,2026-08-12 08:08:29,2955267,食品生鲜-商品5267,1,65.89,65.89,0,0,1000328,未退款,已完成,
TB0000333,2026-08-12 14:39:56,1299999,母婴玩具-商品9999,1,173.62,173.62,0,0,1000332,未退款,已完成,
TB0000334,2026-08-06 05:01:00,1045779,家居日用-商品5779,1,131.39,131.39,0,0,1000335,未退款,已完成,
TB0000335,2026-08-06 14:24:05,2242589,数码家电-商品2589,1,397.51,397.51,0,0,1000335,未退款,已完成,
TB0000335,2026-08-06 14:24:05,253040,数码家电-商品3040,1,685.3,685.3,0,0,1000335,未退款,已完成,
TB0000336,2026-08-08 11:57:26,872404,母婴玩具-商品2404,1,125.41,125.41,0,0,1000335,未退款,已完成,
TB0000337,2026-08-09 04:39:01,3629464,母婴玩具-商品9464,1,40.31,40.31,0,0,1000335,未退款,已完成,
TB0000338,2026-08-11 15:48:03,4747009,食品生鲜-商品7009,1,89.46,89.46,0,0,1000335,未退款,已完成,
TB0000339,2026-08-12 13:27:53,3210567,运动户外-商品0567,1,275.79,275.79,0,0,1000335,未退款,已完成,
TB0000340,2026-08-12 13:32:33,2068780,运动户外-商品8780,1,218.27,218.27,0,0,1000335,未退款,已完成,
TB0000341,2026-08-08 04:29:41,1963858,服饰鞋包-商品3858,1,117.55,117.55,0,0,1000349,未退款,已完成,
TB0000342,2026-08-08 04:50:54,906282,母婴玩具-商品6282,1,189.23,189.23,0,0,1000349,未退款,已完成,
TB0000342,2026-08-08 04:50:54,1545024,数码家电-商品5024,1,478.32,478.32,0,0,1000349,未退款,已完成,
TB0000343,2026-08-08 05:01:06,4350284,食品生鲜-商品0284,1,80.86,80.86,0,0,1000349,未退款,已完成,
TB0000343,2026-08-08 05:01:06,1545024,数码家电-商品5024,1,722.48,722.48,0,0,1000349,未退款,已完成,
TB0000344,2026-08-09 11:52:33,1486733,服饰鞋包-商品6733,1,187.53,187.53,0,0,1000349,未退款,已完成,
TB0000345,2026-08-10 12:32:32,1486733,服饰鞋包-商品6733,1,113.14,113.14,0,0,1000349,未退款,已完成,
TB0000346,2026-08-11 05:16:04,2583697,服饰鞋包-商品3697,1,197.12,197.12,0,0,1000349,未退款,已完成,
TB0000347,2026-08-07 08:33:30,4382294,家居日用-商品2294,1,45.72,45.72,0,0,1000364,未退款,已完成,
TB0000348,2026-08-03 17:19:06,4289193,服饰鞋包-商品9193,1,180.34,180.34,0,0,1000374,未退款,已完成,
TB0000348,2026-08-03 17:19:06,3345827,服饰鞋包-商品5827,1,56.68,56.68,0,0,1000374,未退款,已完成,
TB0000348,2026-08-03 17:19:06,961402,服饰鞋包-商品1402,1,58.51,58.51,0,0,1000374,未退款,已完成,
TB0000349,2026-08-06 13:32:47,1616868,图书文创-商品6868,1,51.71,51.71,0,0,1000398,未退款,已完成,
TB0000350,2026-08-07 13:30:30,870334,运动户外-商品0334,1,366.46,366.46,0,0,1000398,未退款,已完成,
TB0000351,2026-08-12 13:10:25,2028325,服饰鞋包-商品8325,1,184.62,184.62,0,0,1000398,未退款,已完成,
TB0000352,2026-08-12 13:19:34,2627840,服饰鞋包-商品7840,1,87.33,87.33,0,0,1000398,未退款,已完成,
TB0000353,2026-08-06 00:32:47,1360115,家居日用-商品0115,1,134.54,134.54,0,0,1000408,未退款,已完成,
TB0000354,2026-08-06 08:24:07,2049359,母婴玩具-商品9359,1,71.03,71.03,0,0,1000408,已退款,已退款,
TB0000355,2026-08-06 08:25:50,3732060,服饰鞋包-商品2060,1,148.64,148.64,0,0,1000408,未退款,已完成,
TB0000356,2026-08-04 14:42:24,4947782,运动户外-商品7782,1,287.79,287.79,0,0,1000417,未退款,已完成,
TB0000357,2026-08-05 17:08:44,2641045,食品生鲜-商品1045,1,33.44,33.44,0,0,1000417,未退款,已完成,
TB0000358,2026-08-05 17:55:00,1367549,母婴玩具-商品7549,1,107.7,107.7,0,0,1000417,未退款,已完成,
TB0000359,2026-08-07 09:16:20,3687513,数码家电-商品7513,1,173.15,173.15,0,0,1000417,未退款,已完成,
TB0000360,2026-08-08 09:14:05,3582107,运动户外-商品2107,1,81.53,81.53,0,0,1000417,未退款,已完成,
TB0000361,2026-08-08 15:36:09,4721843,图书文创-商品1843,1,30.25,30.25,0,0,1000417,未退款,已完成,
TB0000362,2026-08-09 04:52:53,3822586,服饰鞋包-商品2586,1,140.05,140.05,0,0,1000417,未退款,已完成,
TB0000363,2026-08-09 15:26:51,3543955,食品生鲜-商品3955,1,58.53,58.53,0,0,1000417,未退款,已完成,
TB0000364,2026-08-09 15:37:21,3949923,运动户外-商品9923,1,245.2,245.2,0,0,1000417,未退款,已完成,
TB0000365,2026-08-10 02:46:23,1982333,家居日用-商品2333,1,18.84,18.84,0,0,1000417,未退款,已完成,
TB0000366,2026-08-12 14:59:32,137093,美妆个护-商品7093,1,268.48,268.48,0,0,1000417,未退款,已完成,
TB0000367,2026-08-07 13:25:32,1962765,数码家电-商品2765,1,678.96,678.96,0,0,1000420,未退款,已完成,
TB0000368,2026-08-05 05:21:41,4943232,服饰鞋包-商品3232,1,193.1,193.1,0,0,1000429,未退款,已完成,
TB0000369,2026-08-12 04:19:49,1826964,美妆个护-商品6964,1,214.03,214.03,0,0,1000429,未退款,已完成,
TB0000370,2026-08-12 07:01:07,742995,图书文创-商品2995,1,38.64,38.64,0,0,1000429,未退款,已完成,
TB0000371,2026-08-06 14:50:15,4497087,数码家电-商品7087,1,504.73,504.73,0,0,1000436,未退款,已完成,
TB0000372,2026-08-07 10:32:31,1421962,家居日用-商品1962,1,119.19,119.19,0,0,1000436,未退款,已完成,
TB0000373,2026-08-08 03:03:34,4055511,运动户外-商品5511,1,77.97,77.97,0,0,1000436,未退款,已完成,
TB0000374,2026-08-08 03:27:34,492803,家居日用-商品2803,1,114.78,114.78,0,0,1000436,未退款,已完成,
TB0000375,2026-08-09 11:02:06,162994,数码家电-商品2994,1,754.18,754.18,0,0,1000436,未退款,已完成,
TB0000376,2026-08-11 03:18:43,1542569,图书文创-商品2569,1,36.75,36.75,0,0,1000436,未退款,已完成,
TB0000377,2026-08-12 08:43:00,1004566,食品生鲜-商品4566,1,67.24,67.24,0,0,1000436,未退款,已完成,
TB0000378,2026-08-12 05:14:01,4395247,家居日用-商品5247,1,113.46,113.46,0,0,1000438,未退款,已完成,
TB0000379,2026-08-12 05:15:14,2487684,家居日用-商品7684,1,83.45,83.45,0,0,1000438,未退款,已完成,
TB0000380,2026-08-12 05:16:15,4170019,家居日用-商品0019,1,42.98,42.98,0,0,1000438,未退款,已完成,
TB0000381,2026-08-12 05:29:27,4395247,家居日用-商品5247,1,70.39,70.39,0,0,1000438,已退款,已退款,
TB0000382,2026-08-12 05:31:45,4170019,家居日用-商品0019,1,149.85,149.85,0,0,1000438,未退款,已完成,
TB0000383,2026-08-12 05:38:22,4395247,家居日用-商品5247,1,146.98,146.98,0,0,1000438,未退款,已完成,
TB0000384,2026-08-12 05:39:29,2487684,家居日用-商品7684,1,86.35,86.35,0,0,1000438,未退款,已完成,
TB0000385,2026-08-12 05:40:47,4395247,家居日用-商品5247,1,132.47,132.47,0,0,1000438,未退款,已完成,
TB0000386,2026-08-07 00:15:22,3198383,母婴玩具-商品8383,1,177.3,177.3,0,0,1000455,未退款,已完成,
TB0000387,2026-08-09 13:30:10,850558,食品生鲜-商品0558,1,57.65,57.65,0,0,1000485,未退款,已完成,
TB0000388,2026-08-04 12:28:07,2653106,数码家电-商品3106,1,316.64,316.64,0,0,1000488,已退款,已退款,
TB0000389,2026-08-05 07:59:00,1235455,运动户外-商品5455,1,40.07,40.07,0,0,1000488,未退款,已完成,
TB0000390,2026-08-06 10:56:54,3339260,母婴玩具-商品9260,1,154.31,154.31,0,0,1000488,未退款,已完成,
TB0000391,2026-08-06 11:11:21,1679189,食品生鲜-商品9189,1,15.17,15.17,0,0,1000488,已退款,已退款,
TB0000392,2026-08-06 12:20:39,765657,数码家电-商品5657,1,79.45,79.45,0,0,1000488,未退款,已完成,
TB0000393,2026-08-06 13:13:43,3285557,食品生鲜-商品5557,1,54.11,54.11,0,0,1000488,未退款,已完成,
TB0000394,2026-08-07 04:52:36,1624684,食品生鲜-商品4684,1,66.37,66.37,0,0,1000488,未退款,已完成,
TB0000395,2026-08-07 08:09:00,2128069,数码家电-商品8069,1,607.09,607.09,0,0,1000488,未退款,已完成,
TB0000396,2026-08-07 11:15:19,823645,服饰鞋包-商品3645,1,61.87,61.87,0,0,1000488,未退款,已完成,
TB0000397,2026-08-10 07:46:02,1178993,图书文创-商品8993,1,20.14,20.14,0,0,1000488,未退款,已完成,
TB0000397,2026-08-10 07:46:02,1525931,图书文创-商品5931,1,51.11,51.11,0,0,1000488,未退款,已完成,
TB0000398,2026-08-10 08:44:00,4048857,运动户外-商品8857,1,77.56,77.56,0,0,1000488,未退款,已完成,
TB0000399,2026-08-10 09:36:23,4193557,运动户外-商品3557,1,86.43,86.43,0,0,1000488,未退款,已完成,
TB0000400,2026-08-10 10:04:51,1014122,美妆个护-商品4122,1,29.07,29.07,0,0,1000488,未退款,已完成,
TB0000401,2026-08-10 10:06:51,487231,母婴玩具-商品7231,1,43.79,43.79,0,0,1000488,未退款,已完成,
TB0000402,2026-08-10 11:35:06,3233904,运动户外-商品3904,1,333.17,333.17,0,0,1000488,未退款,已完成,
TB0000403,2026-08-10 12:33:01,2301529,服饰鞋包-商品1529,1,107.94,107.94,0,0,1000488,未退款,已完成,
TB0000404,2026-08-11 01:18:26,1624684,食品生鲜-商品4684,1,9.57,9.57,0,0,1000488,未退款,已完成,
TB0000405,2026-08-12 06:00:13,2147704,家居日用-商品7704,1,118.6,118.6,0,0,1000488,未退款,已完成,
TB0000406,2026-08-09 04:35:11,4309498,运动户外-商品9498,1,181.36,181.36,0,0,1000490,未退款,已完成,
TB0000407,2026-08-09 05:47:47,2277740,图书文创-商品7740,1,27.76,27.76,0,0,1000490,未退款,已完成,
TB0000408,2026-08-08 23:24:32,2126706,家居日用-商品6706,1,88.73,88.73,0,0,1000497,未退款,已完成,
TB0000409,2026-08-10 02:50:27,5100411,美妆个护-商品0411,1,22.67,22.67,0,0,1000504,未退款,已完成,
TB0000410,2026-08-04 10:15:34,3851715,母婴玩具-商品1715,1,188.18,188.18,0,0,1000505,未退款,已完成,
TB0000411,2026-08-06 12:03:02,2764166,运动户外-商品4166,1,112.39,112.39,0,0,1000505,未退款,已完成,
TB0000412,2026-08-06 14:03:01,3703595,图书文创-商品3595,1,45.13,45.13,0,0,1000505,未退款,已完成,
TB0000412,2026-08-06 14:03:01,4892533,图书文创-商品2533,1,28.58,28.58,0,0,1000505,未退款,已完成,
TB0000413,2026-08-08 08:18:30,2957930,美妆个护-商品7930,1,189.74,189.74,0,0,1000505,未退款,已完成,
TB0000414,2026-08-10 10:12:15,2777432,运动户外-商品7432,1,177.76,177.76,0,0,1000505,未退款,已完成,
TB0000415,2026-08-06 10:52:54,2102332,母婴玩具-商品2332,1,76.23,76.23,0,0,1000511,未退款,已完成,
TB0000416,2026-08-12 10:34:42,3356337,家居日用-商品6337,1,110.65,110.65,0,0,1000511,未退款,已完成,
TB0000417,2026-08-12 10:37:34,2601319,家居日用-商品1319,1,68.53,68.53,0,0,1000511,未退款,已完成,
TB0000418,2026-08-04 07:39:45,4265613,美妆个护-商品5613,1,69.73,69.73,0,0,1000519,未退款,已完成,
TB0000419,2026-08-06 07:38:44,2612578,美妆个护-商品2578,1,46.21,46.21,0,0,1000519,未退款,已完成,
TB0000420,2026-08-05 11:12:31,4174548,运动户外-商品4548,1,243.31,243.31,0,0,1000520,未退款,已完成,
TB0000421,2026-08-10 06:28:16,4200321,家居日用-商品0321,1,15.58,15.58,0,0,1000520,未退款,已完成,
TB0000422,2026-08-11 02:46:54,1466828,母婴玩具-商品6828,1,136.0,136.0,0,0,1000520,未退款,已完成,
TB0000423,2026-08-05 06:31:34,3101480,服饰鞋包-商品1480,1,51.2,51.2,0,0,1000538,未退款,已完成,
TB0000424,2026-08-12 06:30:27,4156341,美妆个护-商品6341,1,89.75,89.75,0,0,1000538,未退款,已完成,
TB0000425,2026-08-10 13:54:01,735234,美妆个护-商品5234,1,137.06,137.06,0,0,1000539,未退款,已完成,
TB0000426,2026-08-11 05:43:56,4366283,家居日用-商品6283,1,44.5,44.5,0,0,1000541,未退款,已完成,
TB0000427,2026-08-06 01:47:49,3404493,运动户外-商品4493,1,200.96,200.96,0,0,1000565,未退款,已完成,
TB0000428,2026-08-06 14:59:08,1164939,家居日用-商品4939,1,79.74,79.74,0,0,1000565,未退款,已完成,
TB0000429,2026-08-10 09:47:10,3404493,运动户外-商品4493,1,107.18,107.18,0,0,1000565,未退款,已完成,
TB0000430,2026-08-10 13:49:09,3811364,图书文创-商品1364,1,58.29,58.29,0,0,1000565,未退款,已完成,
TB0000431,2026-08-11 06:37:17,2289173,数码家电-商品9173,1,755.16,755.16,0,0,1000565,未退款,已完成,
TB0000432,2026-08-11 06:43:03,870280,数码家电-商品0280,1,434.56,434.56,0,0,1000565,未退款,已完成,
TB0000433,2026-08-08 01:32:11,1458258,图书文创-商品8258,1,51.88,51.88,0,0,1000573,未退款,已完成,
TB0000434,2026-08-08 06:15:52,2779133,母婴玩具-商品9133,1,62.17,62.17,0,0,1000573,未退款,已完成,
TB0000435,2026-08-06 03:26:24,1958907,食品生鲜-商品8907,1,73.79,73.79,0,0,1000581,未退款,已完成,
TB0000436,2026-08-06 03:49:23,4126091,食品生鲜-商品6091,1,84.97,84.97,0,0,1000581,未退款,已完成,
TB0000437,2026-08-08 08:08:28,2565270,家居日用-商品5270,1,108.28,108.28,0,0,1000581,未退款,已完成,
TB0000438,2026-08-10 05:52:24,1910706,数码家电-商品0706,1,310.33,310.33,0,0,1000588,未退款,已完成,
TB0000439,2026-08-10 14:05:12,572806,运动户外-商品2806,1,221.21,221.21,0,0,1000588,未退款,已完成,
TB0000440,2026-08-07 01:56:14,159912,母婴玩具-商品9912,1,120.89,120.89,0,0,1000590,已退款,已退款,
TB0000441,2026-08-12 03:03:32,99857,图书文创-商品9857,1,40.76,40.76,0,0,1000590,未退款,已完成,
TB0000442,2026-08-05 12:25:05,3268438,食品生鲜-商品8438,1,66.24,66.24,0,0,1000596,未退款,已完成,
TB0000443,2026-08-08 08:24:56,1989489,母婴玩具-商品9489,1,147.49,147.49,0,0,1000596,未退款,已完成,
TB0000443,2026-08-08 08:24:56,1104712,食品生鲜-商品4712,1,67.13,67.13,0,0,1000596,未退款,已完成,
TB0000444,2026-08-10 14:25:36,2274824,图书文创-商品4824,1,27.79,27.79,0,0,1000610,未退款,已完成,
TB0000445,2026-08-11 06:26:41,2850795,数码家电-商品0795,1,567.72,567.72,0,0,1000610,已退款,已退款,
TB0000446,2026-08-11 07:33:20,3252008,服饰鞋包-商品2008,1,190.84,190.84,0,0,1000610,未退款,已完成,
TB0000447,2026-08-12 14:18:57,4021960,运动户外-商品1960,1,195.78,195.78,0,0,1000610,未退款,已完成,
TB0000448,2026-08-06 04:39:57,267794,图书文创-商品7794,1,64.32,64.32,0,0,1000630,未退款,已完成,
TB0000448,2026-08-06 04:39:57,3329232,美妆个护-商品9232,1,87.4,87.4,0,0,1000630,未退款,已完成,
TB0000449,2026-08-08 06:43:09,2350776,母婴玩具-商品0776,1,58.02,58.02,0,0,1000630,未退款,已完成,
TB0000450,2026-08-03 16:32:17,1011371,家居日用-商品1371,1,95.2,95.2,0,0,1000636,未退款,已完成,
TB0000451,2026-08-04 16:10:08,2633450,图书文创-商品3450,1,39.44,39.44,0,0,1000636,未退款,已完成,
TB0000452,2026-08-06 06:56:51,5025832,数码家电-商品5832,1,562.21,562.21,0,0,1000636,未退款,已完成,
TB0000453,2026-08-06 16:45:10,2470718,图书文创-商品0718,1,44.25,44.25,0,0,1000636,未退款,已完成,
TB0000454,2026-08-07 12:28:02,44202,图书文创-商品4202,1,61.38,61.38,0,0,1000636,未退款,已完成,
TB0000455,2026-08-08 16:00:36,1559384,数码家电-商品9384,1,629.93,629.93,0,0,1000636,未退款,已完成,
TB0000456,2026-08-09 16:01:05,1766214,家居日用-商品6214,1,20.06,20.06,0,0,1000636,未退款,已完成,
TB0000457,2026-08-09 16:04:45,2675011,食品生鲜-商品5011,1,29.41,29.41,0,0,1000636,未退款,已完成,
TB0000458,2026-08-05 08:24:23,4454651,服饰鞋包-商品4651,1,53.21,53.21,0,0,1000641,未退款,已完成,
TB0000459,2026-08-06 07:12:35,4454651,服饰鞋包-商品4651,1,139.7,139.7,0,0,1000641,未退款,已完成,
TB0000460,2026-08-06 20:06:41,3050776,服饰鞋包-商品0776,1,122.55,122.55,0,0,1000641,已退款,已退款,
TB0000461,2026-08-06 20:15:23,4161852,服饰鞋包-商品1852,1,116.33,116.33,0,0,1000641,未退款,已完成,
TB0000462,2026-08-07 05:18:34,2704379,图书文创-商品4379,1,23.69,23.69,0,0,1000641,已退款,已退款,
TB0000463,2026-08-08 10:21:47,4270664,图书文创-商品0664,1,65.19,65.19,0,0,1000641,未退款,已完成,
TB0000464,2026-08-09 14:33:55,4035255,运动户外-商品5255,1,168.96,168.96,0,0,1000641,未退款,已完成,
TB0000465,2026-08-05 04:31:47,2281036,母婴玩具-商品1036,1,100.02,100.02,0,0,1000647,未退款,已完成,
TB0000466,2026-08-08 09:50:55,116348,食品生鲜-商品6348,1,18.81,18.81,0,0,1000650,未退款,已完成,
TB0000467,2026-08-07 11:54:43,2657955,运动户外-商品7955,1,372.38,372.38,0,0,1000659,未退款,已完成,
TB0000468,2026-08-07 15:01:15,149734,数码家电-商品9734,1,277.89,277.89,0,0,1000659,未退款,已完成,
TB0000469,2026-08-08 12:14:04,4336297,家居日用-商品6297,1,16.72,16.72,0,0,1000659,未退款,已完成,
TB0000470,2026-08-10 12:56:46,3692612,美妆个护-商品2612,1,194.56,194.56,0,0,1000659,未退款,已完成,
TB0000471,2026-08-04 15:03:27,4801318,家居日用-商品1318,1,77.36,77.36,0,0,1000664,未退款,已完成,
TB0000472,2026-08-04 15:16:44,1808610,家居日用-商品8610,1,115.37,115.37,0,0,1000664,未退款,已完成,
TB0000473,2026-08-09 12:05:01,1043320,数码家电-商品3320,1,815.83,815.83,0,0,1000664,已退款,已退款,
TB0000474,2026-08-09 12:09:52,2219401,数码家电-商品9401,1,659.79,659.79,0,0,1000664,未退款,已完成,
TB0000475,2026-08-09 12:43:23,4424720,图书文创-商品4720,1,32.82,32.82,0,0,1000664,未退款,已完成,
TB0000476,2026-08-07 05:23:31,4489776,运动户外-商品9776,1,59.54,59.54,0,0,1000676,未退款,已完成,
TB0000477,2026-08-11 07:10:10,399942,美妆个护-商品9942,1,70.07,70.07,0,0,1000676,未退款,已完成,
TB0000478,2026-08-11 10:59:46,2440667,数码家电-商品0667,1,739.96,739.96,0,0,1000676,未退款,已完成,
TB0000479,2026-08-06 02:13:31,3146059,运动户外-商品6059,1,87.65,87.65,0,0,1000684,未退款,已完成,
TB0000479,2026-08-06 02:13:31,4665452,运动户外-商品5452,1,178.55,178.55,0,0,1000684,未退款,已完成,
TB0000479,2026-08-06 02:13:31,5026858,家居日用-商品6858,1,135.52,135.52,0,0,1000684,未退款,已完成,
TB0000479,2026-08-06 02:13:31,2108727,美妆个护-商品8727,1,65.16,65.16,0,0,1000684,未退款,已完成,
TB0000480,2026-08-07 13:26:09,4727284,服饰鞋包-商品7284,1,58.75,58.75,0,0,1000684,未退款,已完成,
TB0000481,2026-08-08 03:48:22,4029704,食品生鲜-商品9704,1,8.12,8.12,0,0,1000684,未退款,已完成,
TB0000482,2026-08-09 05:34:41,5026858,家居日用-商品6858,1,146.75,146.75,0,0,1000684,未退款,已完成,
TB0000483,2026-08-09 08:33:56,3383350,美妆个护-商品3350,1,60.09,60.09,0,0,1000684,未退款,已完成,
TB0000484,2026-08-12 11:43:15,5026858,家居日用-商品6858,1,71.53,71.53,0,0,1000684,已退款,已退款,
TB0000485,2026-08-12 12:40:52,920765,美妆个护-商品0765,1,125.75,125.75,0,0,1000684,未退款,已完成,
TB0000486,2026-08-10 11:43:23,4192094,服饰鞋包-商品2094,1,110.24,110.24,0,0,1000686,未退款,已完成,
TB0000487,2026-08-11 09:32:44,4882558,图书文创-商品2558,1,33.54,33.54,0,0,1000688,未退款,已完成,
TB0000488,2026-08-09 10:20:18,3757659,家居日用-商品7659,1,66.57,66.57,0,0,1000694,未退款,已完成,
TB0000489,2026-08-10 10:33:37,1532888,食品生鲜-商品2888,1,36.13,36.13,0,0,1000694,未退款,已完成,
TB0000490,2026-08-10 10:43:42,1723753,图书文创-商品3753,1,46.84,46.84,0,0,1000694,未退款,已完成,
TB0000491,2026-08-08 15:16:47,3370399,食品生鲜-商品0399,1,56.58,56.58,0,0,1000703,未退款,已完成,
TB0000491,2026-08-08 15:16:47,3417857,母婴玩具-商品7857,1,103.76,103.76,0,0,1000703,未退款,已完成,
TB0000492,2026-08-07 03:08:03,3754211,母婴玩具-商品4211,1,112.63,112.63,0,0,1000712,未退款,已完成,
TB0000493,2026-08-07 03:11:50,4329792,数码家电-商品9792,1,85.63,85.63,0,0,1000712,未退款,已完成,
TB0000494,2026-08-08 11:04:39,5082680,服饰鞋包-商品2680,1,79.08,79.08,0,0,1000712,未退款,已完成,
TB0000495,2026-08-06 08:54:22,2116634,食品生鲜-商品6634,1,79.36,79.36,0,0,1000715,未退款,已完成,
TB0000496,2026-08-09 06:29:31,1637172,数码家电-商品7172,1,793.45,793.45,0,0,1000715,未退款,已完成,
TB0000497,2026-08-10 02:08:07,1763707,数码家电-商品3707,1,600.6,600.6,0,0,1000715,未退款,已完成,
TB0000498,2026-08-05 10:16:36,4087718,图书文创-商品7718,1,29.26,29.26,0,0,1000718,未退款,已完成,
TB0000499,2026-08-05 10:16:59,1937418,图书文创-商品7418,1,40.74,40.74,0,0,1000718,未退款,已完成,
TB0000500,2026-08-09 06:02:25,1393008,食品生鲜-商品3008,1,63.59,63.59,0,0,1000718,未退款,已完成,
TB0000500,2026-08-09 06:02:25,3591622,服饰鞋包-商品1622,1,65.98,65.98,0,0,1000718,未退款,已完成,
TB0000501,2026-08-08 04:16:23,3739420,服饰鞋包-商品9420,1,67.15,67.15,0,0,1000722,未退款,已完成,
TB0000502,2026-08-04 13:03:11,1679779,家居日用-商品9779,1,82.22,82.22,0,0,1000723,未退款,已完成,
TB0000503,2026-08-04 13:08:52,46132,家居日用-商品6132,1,89.07,89.07,0,0,1000723,未退款,已完成,
TB0000504,2026-08-09 06:27:18,3122135,数码家电-商品2135,1,867.12,867.12,0,0,1000723,未退款,已完成,
TB0000505,2026-08-09 12:36:07,219767,家居日用-商品9767,1,96.41,96.41,0,0,1000723,未退款,已完成,
TB0000506,2026-08-10 15:04:34,4246902,家居日用-商品6902,1,19.28,19.28,0,0,1000723,未退款,已完成,
TB0000507,2026-08-10 15:13:42,2127965,家居日用-商品7965,1,62.34,62.34,0,0,1000723,未退款,已完成,
TB0000508,2026-08-10 15:15:06,1608948,家居日用-商品8948,1,126.28,126.28,0,0,1000723,未退款,已完成,
TB0000509,2026-08-11 11:18:07,627476,母婴玩具-商品7476,1,46.28,46.28,0,0,1000723,未退款,已完成,
TB0000510,2026-08-11 12:35:03,729577,运动户外-商品9577,1,189.29,189.29,0,0,1000723,未退款,已完成,
TB0000511,2026-08-11 13:05:43,729577,运动户外-商品9577,1,121.58,121.58,0,0,1000723,未退款,已完成,
TB0000512,2026-08-11 13:15:38,1636223,图书文创-商品6223,1,58.27,58.27,0,0,1000723,未退款,已完成,
TB0000513,2026-08-11 13:23:27,4804194,食品生鲜-商品4194,1,87.67,87.67,0,0,1000723,未退款,已完成,
TB0000514,2026-08-11 13:35:17,1394413,家居日用-商品4413,1,125.4,125.4,0,0,1000723,未退款,已完成,
TB0000515,2026-08-11 13:40:27,1326783,家居日用-商品6783,1,43.91,43.91,0,0,1000723,未退款,已完成,
TB0000516,2026-08-11 13:44:03,2300846,运动户外-商品0846,1,85.85,85.85,0,0,1000723,未退款,已完成,
TB0000516,2026-08-11 13:44:03,97733,家居日用-商品7733,1,104.67,104.67,0,0,1000723,未退款,已完成,
TB0000517,2026-08-12 10:57:35,1126783,母婴玩具-商品6783,1,59.75,59.75,0,0,1000727,未退款,已完成,
TB0000518,2026-08-10 10:54:13,1208398,美妆个护-商品8398,1,107.36,107.36,0,0,1000732,未退款,已完成,
TB0000519,2026-08-10 01:45:21,2490956,母婴玩具-商品0956,1,40.19,40.19,0,0,1000735,未退款,已完成,
TB0000520,2026-08-10 16:01:45,1916953,运动户外-商品6953,1,207.98,207.98,0,0,1000735,未退款,已完成,
TB0000521,2026-08-11 13:30:59,48160,运动户外-商品8160,1,48.62,48.62,0,0,1000735,未退款,已完成,
TB0000522,2026-08-05 13:39:54,1016595,图书文创-商品6595,1,63.58,63.58,0,0,1000738,未退款,已完成,
TB0000523,2026-08-05 09:56:02,1393426,运动户外-商品3426,1,330.06,330.06,0,0,1000749,未退款,已完成,
TB0000524,2026-08-12 05:29:07,2240481,服饰鞋包-商品0481,1,116.22,116.22,0,0,1000749,未退款,已完成,
TB0000525,2026-08-06 07:19:41,582970,美妆个护-商品2970,1,66.59,66.59,0,0,1000751,未退款,已完成,
TB0000526,2026-08-12 09:25:50,48995,数码家电-商品8995,1,427.23,427.23,0,0,1000772,未退款,已完成,
TB0000527,2026-08-04 03:40:07,934383,图书文创-商品4383,1,35.73,35.73,0,0,1000792,未退款,已完成,
TB0000528,2026-08-04 16:17:47,174758,图书文创-商品4758,1,35.29,35.29,0,0,1000792,未退款,已完成,
TB0000528,2026-08-04 16:17:47,4053608,图书文创-商品3608,1,67.34,67.34,0,0,1000792,未退款,已完成,
TB0000529,2026-08-06 08:55:16,4203564,图书文创-商品3564,1,48.34,48.34,0,0,1000792,未退款,已完成,
TB0000530,2026-08-10 07:07:11,4582322,图书文创-商品2322,1,36.69,36.69,0,0,1000792,未退款,已完成,
TB0000531,2026-08-05 11:37:08,363858,美妆个护-商品3858,1,197.27,197.27,0,0,1000803,未退款,已完成,
TB0000532,2026-08-08 00:37:23,3229722,数码家电-商品9722,1,636.63,636.63,0,0,1000807,未退款,已完成,
TB0000533,2026-08-08 04:49:24,2352497,食品生鲜-商品2497,1,41.31,41.31,0,0,1000807,未退款,已完成,
TB0000534,2026-08-08 04:58:50,2422515,运动户外-商品2515,1,131.74,131.74,0,0,1000807,未退款,已完成,
TB0000535,2026-08-09 01:17:34,2820398,家居日用-商品0398,1,50.14,50.14,0,0,1000807,未退款,已完成,
TB0000536,2026-08-12 07:22:30,1165927,美妆个护-商品5927,1,177.04,177.04,0,0,1000807,未退款,已完成,
TB0000537,2026-08-10 22:14:29,1164828,数码家电-商品4828,1,713.64,713.64,0,0,1000810,未退款,已完成,
TB0000538,2026-08-08 13:12:36,2704162,家居日用-商品4162,1,108.07,108.07,0,0,1000811,已退款,已退款,
TB0000539,2026-08-09 08:10:03,2670832,家居日用-商品0832,1,54.99,54.99,0,0,1000811,未退款,已完成,
TB0000540,2026-08-08 14:05:12,1855426,母婴玩具-商品5426,1,183.81,183.81,0,0,1000836,未退款,已完成,
TB0000541,2026-08-09 11:56:15,4126364,服饰鞋包-商品6364,1,111.63,111.63,0,0,1000836,未退款,已完成,
TB0000542,2026-08-10 12:05:40,1775442,服饰鞋包-商品5442,1,182.31,182.31,0,0,1000836,未退款,已完成,
TB0000543,2026-08-12 12:09:42,4221187,食品生鲜-商品1187,1,42.28,42.28,0,0,1000836,未退款,已完成,
TB0000544,2026-08-11 06:21:35,2626448,数码家电-商品6448,1,153.74,153.74,0,0,1000840,未退款,已完成,
TB0000545,2026-08-06 12:47:20,3855779,图书文创-商品5779,1,25.25,25.25,0,0,1000856,未退款,已完成,
TB0000546,2026-08-06 12:50:27,5090237,服饰鞋包-商品0237,1,112.75,112.75,0,0,1000856,未退款,已完成,
TB0000547,2026-08-09 09:21:00,2686135,图书文创-商品6135,1,12.38,12.38,0,0,1000856,未退款,已完成,
TB0000548,2026-08-08 03:50:02,4260261,数码家电-商品0261,1,528.28,528.28,0,0,1000857,未退款,已完成,
TB0000549,2026-08-10 15:27:55,3992710,服饰鞋包-商品2710,1,69.01,69.01,0,0,1000865,未退款,已完成,
TB0000550,2026-08-10 15:29:33,375885,图书文创-商品5885,1,24.09,24.09,0,0,1000865,未退款,已完成,
TB0000551,2026-08-05 05:14:48,4705711,食品生鲜-商品5711,1,82.9,82.9,0,0,1000866,未退款,已完成,
TB0000552,2026-08-09 05:53:49,4001836,服饰鞋包-商品1836,1,160.57,160.57,0,0,1000867,未退款,已完成,
TB0000553,2026-08-06 21:56:05,4352733,运动户外-商品2733,1,245.85,245.85,0,0,1000872,未退款,已完成,
TB0000554,2026-08-07 18:45:52,561560,图书文创-商品1560,1,20.49,20.49,0,0,1000872,未退款,已完成,
TB0000555,2026-08-08 13:50:19,2242394,图书文创-商品2394,1,68.76,68.76,0,0,1000872,未退款,已完成,
TB0000556,2026-08-10 11:12:05,2903289,运动户外-商品3289,1,102.5,102.5,0,0,1000872,未退款,已完成,
TB0000557,2026-08-09 01:44:29,2552942,食品生鲜-商品2942,1,13.26,13.26,0,0,1000877,未退款,已完成,
TB0000557,2026-08-09 01:44:29,509172,母婴玩具-商品9172,1,148.32,148.32,0,0,1000877,未退款,已完成,
TB0000557,2026-08-09 01:44:29,3668317,服饰鞋包-商品8317,1,56.41,56.41,0,0,1000877,未退款,已完成,
TB0000557,2026-08-09 01:44:29,2900512,美妆个护-商品0512,1,34.54,34.54,0,0,1000877,未退款,已完成,
TB0000557,2026-08-09 01:44:29,1833783,运动户外-商品3783,1,66.95,66.95,0,0,1000877,未退款,已完成,
TB0000557,2026-08-09 01:44:29,3423009,数码家电-商品3009,1,89.27,89.27,0,0,1000877,未退款,已完成,
TB0000557,2026-08-09 01:44:29,3936676,食品生鲜-商品6676,1,90.44,90.44,0,0,1000877,未退款,已完成,
TB0000558,2026-08-08 08:35:43,4313336,美妆个护-商品3336,1,155.53,155.53,0,0,1000878,未退款,已完成,
TB0000559,2026-08-09 08:47:24,1784366,图书文创-商品4366,1,36.81,36.81,0,0,1000878,已退款,已退款,
TB0000560,2026-08-10 00:16:27,2591004,母婴玩具-商品1004,1,125.08,125.08,0,0,1000878,未退款,已完成,
TB0000561,2026-08-10 01:05:26,1015653,运动户外-商品5653,1,224.24,224.24,0,0,1000878,未退款,已完成,
TB0000562,2026-08-04 15:46:11,1350486,运动户外-商品0486,1,260.03,260.03,0,0,1000896,未退款,已完成,
TB0000563,2026-08-05 16:55:18,518544,家居日用-商品8544,1,18.93,18.93,0,0,1000896,未退款,已完成,
TB0000564,2026-08-06 09:43:47,1459096,母婴玩具-商品9096,1,59.65,59.65,0,0,1000911,未退款,已完成,
TB0000565,2026-08-06 10:04:32,4830753,美妆个护-商品0753,1,175.88,175.88,0,0,1000911,未退款,已完成,
TB0000566,2026-08-06 13:45:33,1403207,服饰鞋包-商品3207,1,168.07,168.07,0,0,1000911,未退款,已完成,
TB0000567,2026-08-12 12:24:36,1574508,运动户外-商品4508,1,147.55,147.55,0,0,1000911,已退款,已退款,
TB0000567,2026-08-12 12:24:36,4619824,运动户外-商品9824,1,90.48,90.48,0,0,1000911,已退款,已退款,
TB0000568,2026-08-08 11:00:36,2292521,母婴玩具-商品2521,1,41.06,41.06,0,0,1000916,未退款,已完成,
TB0000569,2026-08-10 05:33:50,29182,数码家电-商品9182,1,644.83,644.83,0,0,1000916,未退款,已完成,
TB0000570,2026-08-07 16:08:54,504913,运动户外-商品4913,1,67.89,67.89,0,0,1000919,未退款,已完成,
TB0000571,2026-08-08 11:28:05,4793042,家居日用-商品3042,1,91.61,91.61,0,0,1000922,未退款,已完成,
TB0000572,2026-08-11 04:15:53,1583508,家居日用-商品3508,1,147.52,147.52,0,0,1000923,未退款,已完成,
TB0000573,2026-08-06 07:40:39,4784072,服饰鞋包-商品4072,1,66.16,66.16,0,0,1000936,未退款,已完成,
TB0000574,2026-08-06 08:04:56,3346636,美妆个护-商品6636,1,160.8,160.8,0,0,1000936,未退款,已完成,
TB0000575,2026-08-06 05:50:23,130723,食品生鲜-商品0723,1,74.09,74.09,0,0,1000937,未退款,已完成,
TB0000575,2026-08-06 05:50:23,1957598,数码家电-商品7598,1,226.56,226.56,0,0,1000937,未退款,已完成,
TB0000575,2026-08-06 05:50:23,4405603,数码家电-商品5603,1,78.3,78.3,0,0,1000937,未退款,已完成,
TB0000576,2026-08-10 12:32:59,4008453,服饰鞋包-商品8453,1,165.44,165.44,0,0,1000937,未退款,已完成,
TB0000577,2026-08-05 08:15:27,2036338,服饰鞋包-商品6338,1,83.62,83.62,0,0,1000959,未退款,已完成,
TB0000578,2026-08-06 09:30:20,4440716,数码家电-商品0716,1,136.66,136.66,0,0,1000962,未退款,已完成,
TB0000579,2026-08-09 08:02:51,3415673,服饰鞋包-商品5673,1,186.81,186.81,0,0,1000962,未退款,已完成,
TB0000580,2026-08-09 08:37:37,2610053,食品生鲜-商品0053,1,29.55,29.55,0,0,1000962,未退款,已完成,
TB0000581,2026-08-05 01:48:48,1879366,美妆个护-商品9366,1,146.98,146.98,0,0,1000964,未退款,已完成,
TB0000582,2026-08-09 09:59:26,114355,母婴玩具-商品4355,1,118.14,118.14,0,0,1000984,未退款,已完成,
TB0000583,2026-08-10 04:34:39,2924250,数码家电-商品4250,1,127.29,127.29,0,0,1001005,未退款,已完成,
TB0000584,2026-08-11 04:28:22,4435060,数码家电-商品5060,1,177.59,177.59,0,0,1001005,未退款,已完成,
TB0000585,2026-08-09 03:07:35,321820,母婴玩具-商品1820,1,85.37,85.37,0,0,1001009,未退款,已完成,
TB0000586,2026-08-09 03:26:54,3714226,数码家电-商品4226,1,496.75,496.75,0,0,1001009,未退款,已完成,
TB0000587,2026-08-09 03:28:12,3711601,家居日用-商品1601,1,49.71,49.71,0,0,1001009,未退款,已完成,
TB0000588,2026-08-07 10:47:26,779781,数码家电-商品9781,1,339.61,339.61,0,0,1001017,未退款,已完成,
TB0000589,2026-08-07 11:26:06,4716565,运动户外-商品6565,1,186.82,186.82,0,0,1001017,未退款,已完成,
TB0000590,2026-08-05 16:20:56,3181529,美妆个护-商品1529,1,69.26,69.26,0,0,1001018,未退款,已完成,
TB0000591,2026-08-06 13:20:58,362272,图书文创-商品2272,1,45.06,45.06,0,0,1001024,未退款,已完成,
TB0000592,2026-08-08 15:47:11,4805041,母婴玩具-商品5041,1,129.98,129.98,0,0,1001024,未退款,已完成,
TB0000593,2026-08-12 05:12:19,1995682,食品生鲜-商品5682,1,22.04,22.04,0,0,1001048,未退款,已完成,
TB0000594,2026-08-07 12:51:59,2225043,美妆个护-商品5043,1,199.22,199.22,0,0,1001054,未退款,已完成,
TB0000595,2026-08-08 11:53:19,385863,母婴玩具-商品5863,1,32.1,32.1,0,0,1001054,未退款,已完成,
TB0000595,2026-08-08 11:53:19,3887165,食品生鲜-商品7165,1,60.57,60.57,0,0,1001054,未退款,已完成,
TB0000595,2026-08-08 11:53:19,1932441,图书文创-商品2441,1,40.8,40.8,0,0,1001054,未退款,已完成,
TB0000596,2026-08-10 12:03:17,774212,数码家电-商品4212,1,554.05,554.05,0,0,1001054,未退款,已完成,
TB0000597,2026-08-12 05:53:28,2975512,图书文创-商品5512,1,29.86,29.86,0,0,1001054,未退款,已完成,
TB0000598,2026-08-04 07:04:09,4722844,图书文创-商品2844,1,35.38,35.38,0,0,1001065,已退款,已退款,
TB0000599,2026-08-09 09:26:39,4722844,图书文创-商品2844,1,41.1,41.1,0,0,1001065,未退款,已完成,
TB0000600,2026-08-09 09:29:11,4621156,图书文创-商品1156,1,28.29,28.29,0,0,1001065,未退款,已完成,
TB0000600,2026-08-09 09:29:11,4561490,服饰鞋包-商品1490,1,61.68,61.68,0,0,1001065,未退款,已完成,
TB0000601,2026-08-05 04:27:05,1327560,数码家电-商品7560,1,231.03,231.03,0,0,1001081,未退款,已完成,
TB0000602,2026-08-07 10:10:47,3182093,服饰鞋包-商品2093,1,193.14,193.14,0,0,1001081,未退款,已完成,
TB0000602,2026-08-07 10:10:47,2415830,数码家电-商品5830,1,169.03,169.03,0,0,1001081,未退款,已完成,
TB0000603,2026-08-11 15:17:10,2705546,食品生鲜-商品5546,1,33.79,33.79,0,0,1001081,未退款,已完成,
TB0000603,2026-08-11 15:17:10,2933654,食品生鲜-商品3654,1,59.2,59.2,0,0,1001081,未退款,已完成,
TB0000604,2026-08-04 14:15:15,3478088,数码家电-商品8088,1,189.13,189.13,0,0,1001088,未退款,已完成,
TB0000605,2026-08-04 14:17:11,5009940,数码家电-商品9940,1,123.45,123.45,0,0,1001088,未退款,已完成,
TB0000606,2026-08-07 14:35:11,5161341,母婴玩具-商品1341,1,57.07,57.07,0,0,1001092,未退款,已完成,
TB0000607,2026-08-07 14:38:52,5161341,母婴玩具-商品1341,1,131.75,131.75,0,0,1001092,未退款,已完成,
TB0000608,2026-08-05 17:47:11,3873209,服饰鞋包-商品3209,1,186.2,186.2,0,0,1001099,未退款,已完成,
TB0000609,2026-08-08 06:26:31,3873209,服饰鞋包-商品3209,1,143.51,143.51,0,0,1001099,未退款,已完成,
TB0000610,2026-08-09 08:04:09,3141190,食品生鲜-商品1190,1,8.64,8.64,0,0,1001099,未退款,已完成,
TB0000611,2026-08-10 02:18:14,5029831,运动户外-商品9831,1,303.73,303.73,0,0,1001099,已退款,已退款,
TB0000612,2026-08-10 06:59:49,302240,运动户外-商品2240,1,191.99,191.99,0,0,1001099,未退款,已完成,
TB0000613,2026-08-06 03:13:54,3989375,服饰鞋包-商品9375,1,174.19,174.19,0,0,1001102,未退款,已完成,
TB0000614,2026-08-11 04:56:50,4814867,服饰鞋包-商品4867,1,196.29,196.29,0,0,1001102,未退款,已完成,
TB0000615,2026-08-11 05:05:33,2060152,图书文创-商品0152,1,25.53,25.53,0,0,1001102,未退款,已完成,
TB0000616,2026-08-11 08:31:32,3104240,数码家电-商品4240,1,826.42,826.42,0,0,1001102,未退款,已完成,
TB0000617,2026-08-07 11:07:19,2609861,数码家电-商品9861,1,117.73,117.73,0,0,1001104,未退款,已完成,
TB0000618,2026-08-10 23:19:31,4066376,数码家电-商品6376,1,224.79,224.79,0,0,1001104,未退款,已完成,
TB0000619,2026-08-05 07:48:39,4458366,服饰鞋包-商品8366,1,112.16,112.16,0,0,1001108,未退款,已完成,
TB0000620,2026-08-04 06:18:21,4226949,母婴玩具-商品6949,1,163.97,163.97,0,0,1001120,未退款,已完成,
TB0000620,2026-08-04 06:18:21,4597391,母婴玩具-商品7391,1,71.78,71.78,0,0,1001120,未退款,已完成,
TB0000620,2026-08-04 06:18:21,4321125,食品生鲜-商品1125,1,91.8,91.8,0,0,1001120,未退款,已完成,
TB0000621,2026-08-09 10:56:41,1694002,服饰鞋包-商品4002,1,158.82,158.82,0,0,1001120,未退款,已完成,
TB0000622,2026-08-09 13:38:25,2053456,母婴玩具-商品3456,1,99.19,99.19,0,0,1001121,未退款,已完成,
TB0000623,2026-08-05 11:56:10,4630603,数码家电-商品0603,1,848.6,848.6,0,0,1001131,未退款,已完成,
TB0000624,2026-08-06 11:55:59,3102653,运动户外-商品2653,1,287.48,287.48,0,0,1001131,已退款,已退款,
TB0000625,2026-08-11 05:54:47,843962,服饰鞋包-商品3962,1,109.44,109.44,0,0,1001131,未退款,已完成,
TB0000626,2026-08-12 12:32:35,2619126,家居日用-商品9126,1,18.31,18.31,0,0,1001131,未退款,已完成,
TB0000627,2026-08-11 01:11:13,3623974,服饰鞋包-商品3974,1,77.4,77.4,0,0,1001138,未退款,已完成,
TB0000628,2026-08-12 06:51:29,4116280,服饰鞋包-商品6280,1,154.07,154.07,0,0,1001138,未退款,已完成,
TB0000629,2026-08-04 06:54:43,2659396,图书文创-商品9396,1,61.88,61.88,0,0,1001145,未退款,已完成,
TB0000630,2026-08-06 05:27:39,3851214,美妆个护-商品1214,1,145.89,145.89,0,0,1001145,未退款,已完成,
TB0000631,2026-08-09 02:56:32,731783,运动户外-商品1783,1,109.71,109.71,0,0,1001145,未退款,已完成,
TB0000632,2026-08-10 14:33:29,2306861,图书文创-商品6861,1,67.92,67.92,0,0,1001145,未退款,已完成,
TB0000633,2026-08-10 23:38:08,1779897,美妆个护-商品9897,1,188.54,188.54,0,0,1001145,未退款,已完成,
TB0000634,2026-08-12 15:54:47,4358289,图书文创-商品8289,1,44.29,44.29,0,0,1001148,未退款,已完成,
TB0000635,2026-08-05 05:13:56,1288867,美妆个护-商品8867,1,34.71,34.71,0,0,1001151,未退款,已完成,
TB0000636,2026-08-05 07:35:35,4660962,美妆个护-商品0962,1,136.01,136.01,0,0,1001151,未退款,已完成,
TB0000637,2026-08-10 13:32:37,432334,家居日用-商品2334,1,73.38,73.38,0,0,1001151,未退款,已完成,
TB0000638,2026-08-08 14:41:44,4041737,食品生鲜-商品1737,1,76.35,76.35,0,0,1001154,未退款,已完成,
TB0000639,2026-08-04 03:30:01,1365110,美妆个护-商品5110,1,166.0,166.0,0,0,1001185,未退款,已完成,
TB0000640,2026-08-08 03:05:33,2076051,服饰鞋包-商品6051,1,170.11,170.11,0,0,1001185,未退款,已完成,
TB0000641,2026-08-05 01:42:55,1043072,服饰鞋包-商品3072,1,116.92,116.92,0,0,1001186,未退款,已完成,
TB0000642,2026-08-05 11:29:13,1224420,运动户外-商品4420,1,292.36,292.36,0,0,1001186,未退款,已完成,
TB0000643,2026-08-11 13:53:56,3033663,图书文创-商品3663,1,37.5,37.5,0,0,1001186,未退款,已完成,
TB0000644,2026-08-12 00:38:15,3160803,家居日用-商品0803,1,53.69,53.69,0,0,1001186,未退款,已完成,
TB0000645,2026-08-05 12:15:39,1053132,食品生鲜-商品3132,1,90.2,90.2,0,0,1001199,未退款,已完成,
TB0000646,2026-08-05 14:32:10,1443114,数码家电-商品3114,1,545.34,545.34,0,0,1001199,未退款,已完成,
TB0000647,2026-08-05 14:33:27,1443114,数码家电-商品3114,1,423.68,423.68,0,0,1001199,未退款,已完成,
TB0000647,2026-08-05 14:33:27,2250923,数码家电-商品0923,1,177.96,177.96,0,0,1001199,未退款,已完成,
TB0000648,2026-08-06 07:25:40,1589561,食品生鲜-商品9561,1,54.34,54.34,0,0,1001199,未退款,已完成,
TB0000649,2026-08-07 05:01:03,206417,美妆个护-商品6417,1,111.92,111.92,0,0,1001199,未退款,已完成,
TB0000650,2026-08-07 07:42:13,3366622,数码家电-商品6622,1,884.15,884.15,0,0,1001199,未退款,已完成,
TB0000651,2026-08-11 05:17:24,724626,食品生鲜-商品4626,1,9.33,9.33,0,0,1001199,未退款,已完成,
TB0000652,2026-08-12 05:59:30,347750,数码家电-商品7750,1,766.14,766.14,0,0,1001199,未退款,已完成,
TB0000653,2026-08-12 08:17:19,3681935,运动户外-商品1935,1,111.95,111.95,0,0,1001199,未退款,已完成,
TB0000654,2026-08-08 13:49:01,4109525,数码家电-商品9525,1,140.41,140.41,0,0,1001201,未退款,已完成,
TB0000655,2026-08-11 20:14:18,4023205,图书文创-商品3205,1,55.01,55.01,0,0,1001201,未退款,已完成,
TB0000656,2026-08-11 08:08:26,1890416,食品生鲜-商品0416,1,21.02,21.02,0,0,1001228,已退款,已退款,
TB0000657,2026-08-09 05:37:11,1790667,图书文创-商品0667,1,44.56,44.56,0,0,1001230,未退款,已完成,
TB0000658,2026-08-09 12:43:32,4054448,服饰鞋包-商品4448,1,193.57,193.57,0,0,1001230,未退款,已完成,
TB0000659,2026-08-06 04:29:43,331697,美妆个护-商品1697,1,69.22,69.22,0,0,1001232,未退款,已完成,
TB0000660,2026-08-06 04:33:43,1530284,母婴玩具-商品0284,1,60.01,60.01,0,0,1001232,未退款,已完成,
TB0000661,2026-08-06 13:09:00,2244074,母婴玩具-商品4074,1,103.44,103.44,0,0,1001232,未退款,已完成,
TB0000662,2026-08-09 01:40:43,4261226,美妆个护-商品1226,1,124.29,124.29,0,0,1001232,未退款,已完成,
TB0000663,2026-08-05 16:39:55,26206,食品生鲜-商品6206,1,62.81,62.81,0,0,1001235,未退款,已完成,
TB0000664,2026-08-06 17:58:18,1357791,母婴玩具-商品7791,1,48.12,48.12,0,0,1001235,未退款,已完成,
TB0000665,2026-08-11 06:53:24,231579,运动户外-商品1579,1,389.06,389.06,0,0,1001235,未退款,已完成,
TB0000666,2026-08-12 07:28:11,3139323,家居日用-商品9323,1,40.2,40.2,0,0,1001235,已退款,已退款,
TB0000667,2026-08-03 23:56:55,2505633,美妆个护-商品5633,1,131.3,131.3,0,0,1001241,未退款,已完成,
TB0000668,2026-08-06 23:39:20,114436,母婴玩具-商品4436,1,22.53,22.53,0,0,1001241,未退款,已完成,
TB0000669,2026-08-06 23:48:52,4848076,家居日用-商品8076,1,81.26,81.26,0,0,1001241,未退款,已完成,
TB0000670,2026-08-06 23:49:58,3873539,母婴玩具-商品3539,1,134.71,134.71,0,0,1001241,未退款,已完成,
TB0000671,2026-08-10 02:10:07,4640894,美妆个护-商品0894,1,80.81,80.81,0,0,1001241,未退款,已完成,
TB0000672,2026-08-10 02:12:02,700114,服饰鞋包-商品0114,1,181.34,181.34,0,0,1001241,未退款,已完成,
TB0000673,2026-08-05 08:32:30,542912,美妆个护-商品2912,1,254.45,254.45,0,0,1001248,未退款,已完成,
TB0000674,2026-08-05 08:34:02,1632935,美妆个护-商品2935,1,229.32,229.32,0,0,1001248,未退款,已完成,
TB0000675,2026-08-05 08:35:09,2146419,图书文创-商品6419,1,35.57,35.57,0,0,1001248,未退款,已完成,
TB0000676,2026-08-10 09:45:27,3823922,母婴玩具-商品3922,1,185.03,185.03,0,0,1001265,未退款,已完成,
TB0000677,2026-08-08 06:32:57,522911,家居日用-商品2911,1,20.73,20.73,0,0,1001270,未退款,已完成,
TB0000678,2026-08-11 06:10:02,895501,数码家电-商品5501,1,661.89,661.89,0,0,1001270,未退款,已完成,
TB0000679,2026-08-06 13:50:42,1500537,数码家电-商品0537,1,696.57,696.57,0,0,1001301,未退款,已完成,
TB0000680,2026-08-06 11:24:17,1656401,家居日用-商品6401,1,53.61,53.61,0,0,1001305,未退款,已完成,
TB0000681,2026-08-09 11:37:55,3396054,家居日用-商品6054,1,115.86,115.86,0,0,1001305,未退款,已完成,
TB0000681,2026-08-09 11:37:55,2644459,图书文创-商品4459,1,31.58,31.58,0,0,1001305,未退款,已完成,
TB0000681,2026-08-09 11:37:55,2714494,图书文创-商品4494,1,27.23,27.23,0,0,1001305,未退款,已完成,
TB0000681,2026-08-09 11:37:55,4067913,母婴玩具-商品7913,1,48.38,48.38,0,0,1001305,未退款,已完成,
TB0000681,2026-08-09 11:37:55,4912239,数码家电-商品2239,1,775.24,775.24,0,0,1001305,未退款,已完成,
TB0000681,2026-08-09 11:37:55,2294912,家居日用-商品4912,1,106.62,106.62,0,0,1001305,未退款,已完成,
TB0000681,2026-08-09 11:37:55,1772715,数码家电-商品2715,1,768.26,768.26,0,0,1001305,未退款,已完成,
TB0000681,2026-08-09 11:37:55,4550676,美妆个护-商品0676,1,219.02,219.02,0,0,1001305,未退款,已完成,
TB0000681,2026-08-09 11:37:55,3446651,母婴玩具-商品6651,1,87.57,87.57,0,0,1001305,未退款,已完成,
TB0000681,2026-08-09 11:37:55,1664365,美妆个护-商品4365,1,101.29,101.29,0,0,1001305,未退款,已完成,
TB0000681,2026-08-09 11:37:55,865406,服饰鞋包-商品5406,1,66.37,66.37,0,0,1001305,未退款,已完成,
TB0000681,2026-08-09 11:37:55,2868039,数码家电-商品8039,1,348.29,348.29,0,0,1001305,未退款,已完成,
TB0000681,2026-08-09 11:37:55,4531252,服饰鞋包-商品1252,1,152.05,152.05,0,0,1001305,未退款,已完成,
TB0000681,2026-08-09 11:37:55,1597807,服饰鞋包-商品7807,1,135.88,135.88,0,0,1001305,未退款,已完成,
TB0000682,2026-08-11 15:23:29,224906,数码家电-商品4906,1,889.78,889.78,0,0,1001313,已退款,已退款,
TB0000683,2026-08-04 02:43:38,2210978,母婴玩具-商品0978,1,94.2,94.2,0,0,1001326,未退款,已完成,
TB0000684,2026-08-04 02:44:50,1864005,母婴玩具-商品4005,1,28.97,28.97,0,0,1001326,未退款,已完成,
TB0000685,2026-08-10 01:15:59,4132140,美妆个护-商品2140,1,229.53,229.53,0,0,1001326,未退款,已完成,
TB0000686,2026-08-11 01:26:06,3203089,母婴玩具-商品3089,1,31.48,31.48,0,0,1001326,未退款,已完成,
TB0000687,2026-08-11 02:17:12,3273789,食品生鲜-商品3789,1,20.26,20.26,0,0,1001326,未退款,已完成,
TB0000688,2026-08-08 02:43:12,4004995,母婴玩具-商品4995,1,49.34,49.34,0,0,1001327,未退款,已完成,
TB0000689,2026-08-06 13:11:03,4175248,家居日用-商品5248,1,137.71,137.71,0,0,1001346,未退款,已完成,
TB0000690,2026-08-06 04:43:33,4110219,家居日用-商品0219,1,99.11,99.11,0,0,1001347,未退款,已完成,
TB0000691,2026-08-10 01:25:47,1325542,图书文创-商品5542,1,36.92,36.92,0,0,1001347,未退款,已完成,
TB0000692,2026-08-10 13:21:56,4397068,食品生鲜-商品7068,1,41.42,41.42,0,0,1001347,未退款,已完成,
TB0000693,2026-08-04 13:04:12,3780024,食品生鲜-商品0024,1,72.09,72.09,0,0,1001352,未退款,已完成,
TB0000694,2026-08-11 12:25:19,2990304,母婴玩具-商品0304,1,190.76,190.76,0,0,1001352,未退款,已完成,
TB0000695,2026-08-06 14:16:35,4338806,服饰鞋包-商品8806,1,106.78,106.78,0,0,1001360,未退款,已完成,
TB0000696,2026-08-04 06:36:34,4426074,服饰鞋包-商品6074,1,84.29,84.29,0,0,1001373,未退款,已完成,
TB0000697,2026-08-04 07:14:58,779173,服饰鞋包-商品9173,1,68.57,68.57,0,0,1001373,未退款,已完成,
TB0000698,2026-08-06 12:33:37,665262,运动户外-商品5262,1,184.2,184.2,0,0,1001373,未退款,已完成,
TB0000699,2026-08-06 12:37:59,4804947,母婴玩具-商品4947,1,134.24,134.24,0,0,1001373,未退款,已完成,
TB0000700,2026-08-09 03:21:11,2281549,食品生鲜-商品1549,1,81.2,81.2,0,0,1001373,未退款,已完成,
TB0000701,2026-08-05 19:01:22,5154172,家居日用-商品4172,1,38.19,38.19,0,0,1001375,未退款,已完成,
TB0000702,2026-08-05 19:05:22,130217,图书文创-商品0217,1,60.65,60.65,0,0,1001375,未退款,已完成,
TB0000703,2026-08-06 09:24:26,1295236,运动户外-商品5236,1,389.54,389.54,0,0,1001375,未退款,已完成,
TB0000704,2026-08-12 11:06:25,1096863,服饰鞋包-商品6863,1,175.57,175.57,0,0,1001375,未退款,已完成,
TB0000705,2026-08-12 11:09:40,1096863,服饰鞋包-商品6863,1,29.6,29.6,0,0,1001375,未退款,已完成,
TB0000706,2026-08-12 11:17:00,3388153,服饰鞋包-商品8153,1,176.53,176.53,0,0,1001375,已退款,已退款,
TB0000707,2026-08-12 11:21:22,2275422,服饰鞋包-商品5422,1,111.05,111.05,0,0,1001375,未退款,已完成,
TB0000708,2026-08-12 11:25:07,108408,服饰鞋包-商品8408,1,152.86,152.86,0,0,1001375,未退款,已完成,
TB0000709,2026-08-12 11:29:58,4463332,服饰鞋包-商品3332,1,66.07,66.07,0,0,1001375,未退款,已完成,
TB0000710,2026-08-12 11:36:49,4404218,服饰鞋包-商品4218,1,111.05,111.05,0,0,1001375,未退款,已完成,
TB0000711,2026-08-05 12:25:03,1690992,家居日用-商品0992,1,108.5,108.5,0,0,1001378,未退款,已完成,
TB0000712,2026-08-05 12:26:49,3474671,母婴玩具-商品4671,1,113.07,113.07,0,0,1001378,未退款,已完成,
TB0000713,2026-08-05 21:42:40,4894320,服饰鞋包-商品4320,1,154.15,154.15,0,0,1001378,未退款,已完成,
TB0000714,2026-08-12 04:35:00,2147015,服饰鞋包-商品7015,1,115.93,115.93,0,0,1001378,未退款,已完成,
TB0000715,2026-08-12 04:39:17,3136773,服饰鞋包-商品6773,1,180.17,180.17,0,0,1001378,未退款,已完成,
TB0000716,2026-08-12 04:44:49,1548666,母婴玩具-商品8666,1,114.39,114.39,0,0,1001378,未退款,已完成,
TB0000717,2026-08-12 04:48:12,3666084,家居日用-商品6084,1,43.9,43.9,0,0,1001378,未退款,已完成,
TB0000718,2026-08-12 13:49:42,742557,服饰鞋包-商品2557,1,186.73,186.73,0,0,1001378,未退款,已完成,
TB0000719,2026-08-07 06:07:58,553299,运动户外-商品3299,1,74.28,74.28,0,0,1001381,未退款,已完成,
TB0000720,2026-08-10 16:50:54,2014971,食品生鲜-商品4971,1,65.89,65.89,0,0,1001381,未退款,已完成,
TB0000721,2026-08-06 18:20:15,4489434,母婴玩具-商品9434,1,148.84,148.84,0,0,1001404,未退款,已完成,
TB0000722,2026-08-10 11:00:41,2076886,家居日用-商品6886,1,59.15,59.15,0,0,1001404,未退款,已完成,
TB0000723,2026-08-05 12:50:13,4252236,图书文创-商品2236,1,13.6,13.6,0,0,1001419,已退款,已退款,
TB0000724,2026-08-08 14:31:29,4252236,图书文创-商品2236,1,47.27,47.27,0,0,1001419,未退款,已完成,
TB0000725,2026-08-08 14:39:10,2160688,服饰鞋包-商品0688,1,106.08,106.08,0,0,1001419,未退款,已完成,
TB0000725,2026-08-08 14:39:10,4252236,图书文创-商品2236,1,68.77,68.77,0,0,1001419,未退款,已完成,
TB0000726,2026-08-09 04:24:32,2964774,母婴玩具-商品4774,1,41.69,41.69,0,0,1001419,未退款,已完成,
TB0000727,2026-08-09 04:29:07,4061696,母婴玩具-商品1696,1,98.27,98.27,0,0,1001419,未退款,已完成,
TB0000728,2026-08-10 02:06:11,3770731,食品生鲜-商品0731,1,58.79,58.79,0,0,1001419,未退款,已完成,
TB0000729,2026-08-04 10:50:33,3779125,服饰鞋包-商品9125,1,169.77,169.77,0,0,1001420,未退款,已完成,
TB0000730,2026-08-07 09:02:36,3689621,运动户外-商品9621,1,41.52,41.52,0,0,1001420,未退款,已完成,
TB0000731,2026-08-07 09:05:40,2974129,食品生鲜-商品4129,1,68.77,68.77,0,0,1001420,未退款,已完成,
TB0000732,2026-08-05 00:58:30,3476682,家居日用-商品6682,1,115.32,115.32,0,0,1001421,未退款,已完成,
TB0000733,2026-08-09 04:02:31,4730958,母婴玩具-商品0958,1,93.15,93.15,0,0,1001421,未退款,已完成,
TB0000734,2026-08-08 07:57:55,2580149,美妆个护-商品0149,1,254.73,254.73,0,0,1001438,未退款,已完成,
TB0000735,2026-08-04 18:36:39,796573,美妆个护-商品6573,1,47.38,47.38,0,0,1001441,未退款,已完成,
TB0000736,2026-08-12 13:45:19,4388796,运动户外-商品8796,1,278.26,278.26,0,0,1001441,未退款,已完成,
TB0000737,2026-08-04 00:06:33,752214,家居日用-商品2214,1,43.9,43.9,0,0,1001444,未退款,已完成,
TB0000738,2026-08-07 11:14:37,4120311,图书文创-商品0311,1,44.24,44.24,0,0,1001444,已退款,已退款,
TB0000739,2026-08-11 10:55:49,438033,图书文创-商品8033,1,61.84,61.84,0,0,1001444,未退款,已完成,
TB0000740,2026-08-08 22:36:10,898722,运动户外-商品8722,1,113.45,113.45,0,0,1001460,未退款,已完成,
TB0000741,2026-08-05 23:36:11,2987322,服饰鞋包-商品7322,1,178.37,178.37,0,0,1001461,未退款,已完成,
TB0000742,2026-08-06 14:10:53,887061,美妆个护-商品7061,1,271.44,271.44,0,0,1001461,未退款,已完成,
TB0000743,2026-08-08 08:50:16,1497335,运动户外-商品7335,1,257.87,257.87,0,0,1001461,未退款,已完成,
TB0000743,2026-08-08 08:50:16,1924632,运动户外-商品4632,1,109.37,109.37,0,0,1001461,未退款,已完成,
TB0000744,2026-08-09 00:21:35,4205672,家居日用-商品5672,1,121.4,121.4,0,0,1001461,未退款,已完成,
TB0000745,2026-08-09 04:38:43,2987322,服饰鞋包-商品7322,1,136.92,136.92,0,0,1001461,未退款,已完成,
TB0000746,2026-08-04 01:28:51,334615,运动户外-商品4615,1,80.21,80.21,0,0,1001466,未退款,已完成,
TB0000747,2026-08-04 03:51:42,1257002,运动户外-商品7002,1,259.04,259.04,0,0,1001466,未退款,已完成,
TB0000748,2026-08-10 04:22:18,2356958,家居日用-商品6958,1,52.4,52.4,0,0,1001466,未退款,已完成,
TB0000749,2026-08-10 04:35:40,3764250,家居日用-商品4250,1,33.3,33.3,0,0,1001466,未退款,已完成,
TB0000750,2026-08-12 09:13:26,3828201,食品生鲜-商品8201,1,40.88,40.88,0,0,1001466,未退款,已完成,
TB0000751,2026-08-04 14:54:58,241815,数码家电-商品1815,1,619.09,619.09,0,0,1001472,未退款,已完成,
TB0000752,2026-08-04 23:25:57,1971928,母婴玩具-商品1928,1,133.62,133.62,0,0,1001472,未退款,已完成,
TB0000752,2026-08-04 23:25:57,2794909,图书文创-商品4909,1,63.86,63.86,0,0,1001472,未退款,已完成,
TB0000752,2026-08-04 23:25:57,2317493,食品生鲜-商品7493,1,60.51,60.51,0,0,1001472,未退款,已完成,
TB0000752,2026-08-04 23:25:57,3485113,母婴玩具-商品5113,1,65.9,65.9,0,0,1001472,未退款,已完成,
TB0000753,2026-08-07 05:59:22,3587619,图书文创-商品7619,1,38.57,38.57,0,0,1001482,未退款,已完成,
TB0000754,2026-08-06 23:46:56,3303932,服饰鞋包-商品3932,1,134.81,134.81,0,0,1001489,未退款,已完成,
TB0000755,2026-08-07 14:49:52,3028327,服饰鞋包-商品8327,1,170.63,170.63,0,0,1001492,未退款,已完成,
TB0000756,2026-08-10 01:50:36,1112159,服饰鞋包-商品2159,1,45.48,45.48,0,0,1001512,未退款,已完成,
TB0000757,2026-08-06 10:45:15,412577,食品生鲜-商品2577,1,17.33,17.33,0,0,1001521,未退款,已完成,
TB0000758,2026-08-12 04:48:27,2596950,家居日用-商品6950,1,68.37,68.37,0,0,1001524,未退款,已完成,
TB0000759,2026-08-11 11:57:07,3991945,母婴玩具-商品1945,1,124.96,124.96,0,0,1001531,未退款,已完成,
TB0000760,2026-08-12 14:08:38,4068279,图书文创-商品8279,1,59.65,59.65,0,0,1001531,未退款,已完成,
TB0000761,2026-08-11 14:03:29,2694823,图书文创-商品4823,1,16.81,16.81,0,0,1001532,未退款,已完成,
TB0000761,2026-08-11 14:03:29,3286876,美妆个护-商品6876,1,207.59,207.59,0,0,1001532,未退款,已完成,
TB0000761,2026-08-11 14:03:29,60514,图书文创-商品0514,1,62.45,62.45,0,0,1001532,未退款,已完成,
TB0000762,2026-08-05 05:47:07,4117296,母婴玩具-商品7296,1,138.81,138.81,0,0,1001534,未退款,已完成,
TB0000763,2026-08-05 12:11:22,3316959,美妆个护-商品6959,1,139.23,139.23,0,0,1001537,未退款,已完成,
TB0000764,2026-08-05 12:44:40,1834049,数码家电-商品4049,1,731.71,731.71,0,0,1001537,未退款,已完成,
TB0000765,2026-08-07 02:54:13,2443155,运动户外-商品3155,1,322.28,322.28,0,0,1001537,未退款,已完成,
TB0000766,2026-08-07 02:56:56,3584354,运动户外-商品4354,1,134.24,134.24,0,0,1001537,未退款,已完成,
TB0000766,2026-08-07 02:56:56,4948640,运动户外-商品8640,1,87.47,87.47,0,0,1001537,未退款,已完成,
TB0000767,2026-08-10 12:08:41,5037004,家居日用-商品7004,1,82.9,82.9,0,0,1001537,未退款,已完成,
TB0000768,2026-08-11 23:51:14,2202729,服饰鞋包-商品2729,1,123.06,123.06,0,0,1001537,未退款,已完成,
TB0000769,2026-08-12 01:55:18,3652751,服饰鞋包-商品2751,1,98.73,98.73,0,0,1001537,未退款,已完成,
TB0000770,2026-08-07 06:44:41,439063,美妆个护-商品9063,1,155.18,155.18,0,0,1001543,未退款,已完成,
TB0000771,2026-08-04 05:33:14,1706745,家居日用-商品6745,1,115.43,115.43,0,0,1001545,未退款,已完成,
TB0000772,2026-08-05 08:44:44,1850198,食品生鲜-商品0198,1,78.78,78.78,0,0,1001545,未退款,已完成,
TB0000773,2026-08-06 02:44:27,3549495,服饰鞋包-商品9495,1,197.64,197.64,0,0,1001545,未退款,已完成,
TB0000774,2026-08-06 03:46:54,1706807,数码家电-商品6807,1,216.05,216.05,0,0,1001545,未退款,已完成,
TB0000775,2026-08-06 03:54:14,1706807,数码家电-商品6807,1,667.28,667.28,0,0,1001545,未退款,已完成,
TB0000776,2026-08-06 10:03:35,3757664,食品生鲜-商品7664,1,9.83,9.83,0,0,1001545,未退款,已完成,
TB0000777,2026-08-07 03:16:04,2125378,食品生鲜-商品5378,1,50.33,50.33,0,0,1001545,未退款,已完成,
TB0000778,2026-08-08 09:38:40,504137,母婴玩具-商品4137,1,52.32,52.32,0,0,1001545,已退款,已退款,
TB0000779,2026-08-09 02:18:50,4258467,运动户外-商品8467,1,299.66,299.66,0,0,1001545,未退款,已完成,
TB0000780,2026-08-12 01:54:28,3179807,家居日用-商品9807,1,38.42,38.42,0,0,1001545,未退款,已完成,
TB0000781,2026-08-12 06:52:17,2662520,服饰鞋包-商品2520,1,51.87,51.87,0,0,1001551,未退款,已完成,
TB0000782,2026-08-11 14:54:10,2366703,家居日用-商品6703,1,50.83,50.83,0,0,1001557,已退款,已退款,
TB0000783,2026-08-09 10:13:03,1332973,数码家电-商品2973,1,476.13,476.13,0,0,1001562,未退款,已完成,
TB0000783,2026-08-09 10:13:03,840127,美妆个护-商品0127,1,62.6,62.6,0,0,1001562,未退款,已完成,
TB0000784,2026-08-05 14:18:25,2667082,母婴玩具-商品7082,1,173.27,173.27,0,0,1001566,未退款,已完成,
TB0000785,2026-08-07 05:30:18,1299608,母婴玩具-商品9608,1,179.58,179.58,0,0,1001566,未退款,已完成,
TB0000786,2026-08-07 08:40:01,2304016,母婴玩具-商品4016,1,185.63,185.63,0,0,1001566,已退款,已退款,
TB0000787,2026-08-07 08:51:26,2220235,食品生鲜-商品0235,1,30.98,30.98,0,0,1001566,未退款,已完成,
TB0000788,2026-08-08 11:09:52,23239,数码家电-商品3239,1,664.83,664.83,0,0,1001566,未退款,已完成,
TB0000789,2026-08-08 14:41:44,2220235,食品生鲜-商品0235,1,73.77,73.77,0,0,1001566,未退款,已完成,
TB0000790,2026-08-10 11:29:30,4886353,数码家电-商品6353,1,291.33,291.33,0,0,1001566,未退款,已完成,
TB0000791,2026-08-06 08:05:02,234416,数码家电-商品4416,1,221.75,221.75,0,0,1001569,未退款,已完成,
TB0000792,2026-08-07 08:42:25,4885484,数码家电-商品5484,1,238.61,238.61,0,0,1001569,未退款,已完成,
TB0000793,2026-08-05 04:56:32,2732402,美妆个护-商品2402,1,234.14,234.14,0,0,1001578,未退款,已完成,
TB0000794,2026-08-11 10:26:19,1864800,母婴玩具-商品4800,1,180.58,180.58,0,0,1001578,未退款,已完成,
TB0000795,2026-08-11 12:59:41,4056431,母婴玩具-商品6431,1,29.95,29.95,0,0,1001591,未退款,已完成,
TB0000796,2026-08-04 03:33:52,3085361,美妆个护-商品5361,1,63.84,63.84,0,0,1001596,未退款,已完成,
TB0000797,2026-08-08 10:42:57,3184493,母婴玩具-商品4493,1,178.54,178.54,0,0,1001596,未退款,已完成,
TB0000798,2026-08-10 06:11:59,4943608,运动户外-商品3608,1,152.31,152.31,0,0,1001596,未退款,已完成,
TB0000799,2026-08-11 13:56:50,3085361,美妆个护-商品5361,1,38.73,38.73,0,0,1001596,未退款,已完成,
TB0000800,2026-08-07 13:40:52,228081,食品生鲜-商品8081,1,61.91,61.91,0,0,1001601,未退款,已完成,
TB0000801,2026-08-09 05:44:35,110425,服饰鞋包-商品0425,1,86.64,86.64,0,0,1001601,未退款,已完成,
TB0000802,2026-08-10 13:46:37,823894,食品生鲜-商品3894,1,15.73,15.73,0,0,1001606,未退款,已完成,
TB0000803,2026-08-06 02:19:41,4113687,数码家电-商品3687,1,77.43,77.43,0,0,1001608,已退款,已退款,
TB0000804,2026-08-05 09:18:15,914609,家居日用-商品4609,1,127.69,127.69,0,0,1001618,未退款,已完成,
TB0000805,2026-08-05 04:33:19,4334371,食品生鲜-商品4371,1,9.39,9.39,0,0,1001625,未退款,已完成,
TB0000805,2026-08-05 04:33:19,4660007,运动户外-商品0007,1,374.59,374.59,0,0,1001625,未退款,已完成,
TB0000806,2026-08-05 09:39:59,4334371,食品生鲜-商品4371,1,59.02,59.02,0,0,1001625,未退款,已完成,
TB0000806,2026-08-05 09:39:59,4660007,运动户外-商品0007,1,369.85,369.85,0,0,1001625,未退款,已完成,
TB0000807,2026-08-12 02:33:16,2741165,服饰鞋包-商品1165,1,124.83,124.83,0,0,1001625,未退款,已完成,
TB0000808,2026-08-12 02:37:52,5027807,服饰鞋包-商品7807,1,104.28,104.28,0,0,1001625,未退款,已完成,
TB0000809,2026-08-05 07:26:46,4507660,母婴玩具-商品7660,1,79.72,79.72,0,0,1001626,未退款,已完成,
TB0000810,2026-08-09 12:36:51,4397165,数码家电-商品7165,1,622.84,622.84,0,0,1001626,未退款,已完成,
TB0000811,2026-08-09 06:20:38,4957722,运动户外-商品7722,1,155.76,155.76,0,0,1001628,未退款,已完成,
TB0000812,2026-08-05 01:13:23,81069,图书文创-商品1069,1,68.91,68.91,0,0,1001629,未退款,已完成,
TB0000813,2026-08-05 01:38:51,2618474,母婴玩具-商品8474,1,132.01,132.01,0,0,1001629,未退款,已完成,
TB0000814,2026-08-07 01:05:04,3216276,图书文创-商品6276,1,33.06,33.06,0,0,1001629,未退款,已完成,
TB0000815,2026-08-07 13:31:59,3942025,食品生鲜-商品2025,1,73.73,73.73,0,0,1001629,未退款,已完成,
TB0000816,2026-08-09 02:17:16,2075326,美妆个护-商品5326,1,41.35,41.35,0,0,1001629,未退款,已完成,
TB0000817,2026-08-11 01:32:54,1014292,家居日用-商品4292,1,46.01,46.01,0,0,1001629,未退款,已完成,
TB0000818,2026-08-11 13:50:17,4479792,美妆个护-商品9792,1,88.27,88.27,0,0,1001629,未退款,已完成,
TB0000819,2026-08-11 14:14:57,1723753,图书文创-商品3753,1,35.93,35.93,0,0,1001629,未退款,已完成,
TB0000820,2026-08-12 15:00:44,1685244,食品生鲜-商品5244,1,31.69,31.69,0,0,1001629,未退款,已完成,
TB0000821,2026-08-03 16:30:00,566618,服饰鞋包-商品6618,1,73.9,73.9,0,0,1001641,未退款,已完成,
TB0000822,2026-08-03 23:19:39,1807534,服饰鞋包-商品7534,1,79.12,79.12,0,0,1001641,未退款,已完成,
TB0000823,2026-08-09 09:02:59,1211086,数码家电-商品1086,1,802.14,802.14,0,0,1001652,未退款,已完成,
TB0000824,2026-08-11 09:42:26,1099671,图书文创-商品9671,1,17.33,17.33,0,0,1001652,未退款,已完成,
TB0000825,2026-08-12 00:09:41,1861309,数码家电-商品1309,1,736.05,736.05,0,0,1001652,未退款,已完成,
TB0000826,2026-08-12 00:27:21,4936983,家居日用-商品6983,1,114.83,114.83,0,0,1001652,未退款,已完成,
TB0000827,2026-08-10 13:01:40,130920,服饰鞋包-商品0920,1,162.94,162.94,0,0,1001654,未退款,已完成,
TB0000828,2026-08-10 13:11:24,3911149,数码家电-商品1149,1,667.77,667.77,0,0,1001654,未退款,已完成,
TB0000829,2026-08-04 05:10:47,452823,食品生鲜-商品2823,1,32.12,32.12,0,0,1001662,未退款,已完成,
TB0000830,2026-08-05 09:29:39,1709191,服饰鞋包-商品9191,1,34.12,34.12,0,0,1001662,未退款,已完成,
TB0000831,2026-08-05 09:38:11,4779435,服饰鞋包-商品9435,1,160.71,160.71,0,0,1001662,未退款,已完成,
TB0000832,2026-08-05 15:05:55,4410218,美妆个护-商品0218,1,163.47,163.47,0,0,1001662,未退款,已完成,
TB0000833,2026-08-05 15:06:05,2780964,美妆个护-商品0964,1,286.21,286.21,0,0,1001662,未退款,已完成,
TB0000834,2026-08-05 15:07:23,2780964,美妆个护-商品0964,1,268.0,268.0,0,0,1001662,未退款,已完成,
TB0000835,2026-08-07 11:13:54,4375892,数码家电-商品5892,1,643.85,643.85,0,0,1001662,未退款,已完成,
TB0000836,2026-08-08 09:48:56,2929600,数码家电-商品9600,1,129.81,129.81,0,0,1001662,未退款,已完成,
TB0000837,2026-08-09 13:46:45,1756541,家居日用-商品6541,1,54.36,54.36,0,0,1001662,未退款,已完成,
TB0000838,2026-08-11 13:42:51,866476,数码家电-商品6476,1,576.02,576.02,0,0,1001667,未退款,已完成,
TB0000839,2026-08-11 15:05:57,3866553,美妆个护-商品6553,1,273.75,273.75,0,0,1001667,未退款,已完成,
TB0000840,2026-08-04 11:37:45,3921517,运动户外-商品1517,1,146.23,146.23,0,0,1001673,未退款,已完成,
TB0000841,2026-08-08 11:55:16,3602876,服饰鞋包-商品2876,1,151.55,151.55,0,0,1001673,未退款,已完成,
TB0000842,2026-08-09 14:07:04,97277,母婴玩具-商品7277,1,188.43,188.43,0,0,1001676,未退款,已完成,
TB0000843,2026-08-11 12:03:40,2364545,母婴玩具-商品4545,1,95.09,95.09,0,0,1001676,未退款,已完成,
TB0000844,2026-08-12 12:41:08,4683688,母婴玩具-商品3688,1,65.59,65.59,0,0,1001676,未退款,已完成,
TB0000845,2026-08-10 03:29:19,3597671,服饰鞋包-商品7671,1,69.79,69.79,0,0,1001686,未退款,已完成,
TB0000846,2026-08-06 01:41:20,1388093,服饰鞋包-商品8093,1,45.93,45.93,0,0,1001688,未退款,已完成,
TB0000847,2026-08-10 09:47:24,4643047,美妆个护-商品3047,1,215.73,215.73,0,0,1001689,未退款,已完成,
TB0000848,2026-08-11 11:19:57,2438995,运动户外-商品8995,1,83.0,83.0,0,0,1001697,未退款,已完成,
TB0000849,2026-08-07 05:22:36,3585260,母婴玩具-商品5260,1,40.13,40.13,0,0,1001700,未退款,已完成,
TB0000850,2026-08-09 02:08:52,1394893,家居日用-商品4893,1,82.81,82.81,0,0,1001700,未退款,已完成,
TB0000851,2026-08-06 00:19:19,99257,母婴玩具-商品9257,1,115.18,115.18,0,0,1001711,未退款,已完成,
TB0000852,2026-08-07 14:44:08,3191929,家居日用-商品1929,1,54.26,54.26,0,0,1001711,未退款,已完成,
TB0000853,2026-08-08 02:03:02,4781162,数码家电-商品1162,1,90.37,90.37,0,0,1001711,未退款,已完成,
TB0000854,2026-08-11 16:50:15,3029652,服饰鞋包-商品9652,1,173.43,173.43,0,0,1001711,未退款,已完成,
TB0000855,2026-08-12 05:02:59,3379343,家居日用-商品9343,1,122.22,122.22,0,0,1001711,未退款,已完成,
TB0000856,2026-08-06 02:52:29,17839,家居日用-商品7839,1,81.64,81.64,0,0,1001737,未退款,已完成,
TB0000857,2026-08-08 00:35:53,1945593,服饰鞋包-商品5593,1,29.76,29.76,0,0,1001737,未退款,已完成,
TB0000858,2026-08-09 02:03:36,18304,食品生鲜-商品8304,1,69.12,69.12,0,0,1001737,未退款,已完成,
TB0000859,2026-08-07 10:53:27,884676,家居日用-商品4676,1,25.58,25.58,0,0,1001744,未退款,已完成,
TB0000860,2026-08-07 01:00:49,4371202,家居日用-商品1202,1,62.08,62.08,0,0,1001757,未退款,已完成,
TB0000861,2026-08-12 00:23:27,1546004,服饰鞋包-商品6004,1,98.1,98.1,0,0,1001757,未退款,已完成,
TB0000862,2026-08-04 00:57:00,2501103,母婴玩具-商品1103,1,180.25,180.25,0,0,1001769,未退款,已完成,
TB0000863,2026-08-05 08:03:17,1910706,数码家电-商品0706,1,841.6,841.6,0,0,1001769,已退款,已退款,
TB0000864,2026-08-07 01:12:04,2260037,家居日用-商品0037,1,37.81,37.81,0,0,1001769,未退款,已完成,
TB0000865,2026-08-05 09:07:33,869872,家居日用-商品9872,1,104.97,104.97,0,0,1001771,未退款,已完成,
TB0000866,2026-08-04 13:49:08,790896,数码家电-商品0896,1,366.35,366.35,0,0,1001783,未退款,已完成,
TB0000867,2026-08-06 14:47:12,2902853,运动户外-商品2853,1,346.26,346.26,0,0,1001783,未退款,已完成,
TB0000867,2026-08-06 14:47:12,3375041,食品生鲜-商品5041,1,87.29,87.29,0,0,1001783,未退款,已完成,
TB0000868,2026-08-11 03:01:36,790896,数码家电-商品0896,1,714.19,714.19,0,0,1001783,未退款,已完成,
TB0000869,2026-08-07 16:01:38,1579712,母婴玩具-商品9712,1,165.28,165.28,0,0,1001784,未退款,已完成,
TB0000870,2026-08-07 16:05:17,4666197,母婴玩具-商品6197,1,99.38,99.38,0,0,1001784,未退款,已完成,
TB0000871,2026-08-04 13:50:48,1970858,美妆个护-商品0858,1,218.64,218.64,0,0,1001788,未退款,已完成,
TB0000872,2026-08-04 14:19:26,4325943,数码家电-商品5943,1,85.85,85.85,0,0,1001788,未退款,已完成,
TB0000873,2026-08-07 16:45:28,2710371,美妆个护-商品0371,1,81.2,81.2,0,0,1001788,未退款,已完成,
TB0000874,2026-08-10 14:17:17,4107954,美妆个护-商品7954,1,85.95,85.95,0,0,1001800,未退款,已完成,
TB0000875,2026-08-08 04:45:10,843103,母婴玩具-商品3103,1,35.94,35.94,0,0,1001803,未退款,已完成,
TB0000875,2026-08-08 04:45:10,1622441,数码家电-商品2441,1,860.01,860.01,0,0,1001803,未退款,已完成,
TB0000876,2026-08-05 01:39:25,859266,食品生鲜-商品9266,1,75.83,75.83,0,0,1001804,已退款,已退款,
TB0000877,2026-08-11 14:08:09,3984200,运动户外-商品4200,1,42.0,42.0,0,0,1001804,未退款,已完成,
TB0000878,2026-08-11 15:18:14,368393,美妆个护-商品8393,1,260.41,260.41,0,0,1001804,未退款,已完成,
TB0000879,2026-08-12 13:42:01,2777161,运动户外-商品7161,1,174.29,174.29,0,0,1001804,未退款,已完成,
TB0000880,2026-08-08 12:23:36,4655766,数码家电-商品5766,1,422.29,422.29,0,0,1001809,未退款,已完成,
TB0000881,2026-08-09 06:08:30,2705217,服饰鞋包-商品5217,1,147.86,147.86,0,0,1001823,未退款,已完成,
TB0000882,2026-08-04 19:35:22,2979334,食品生鲜-商品9334,1,24.76,24.76,0,0,1001829,未退款,已完成,
TB0000883,2026-08-08 04:25:17,3964583,运动户外-商品4583,1,127.44,127.44,0,0,1001829,未退款,已完成,
TB0000884,2026-08-08 14:09:29,3858307,美妆个护-商品8307,1,52.72,52.72,0,0,1001829,未退款,已完成,
TB0000885,2026-08-11 18:13:52,4066690,数码家电-商品6690,1,569.56,569.56,0,0,1001829,未退款,已完成,
TB0000886,2026-08-06 08:44:50,547717,数码家电-商品7717,1,295.69,295.69,0,0,1001841,未退款,已完成,
TB0000887,2026-08-06 09:04:00,4724525,图书文创-商品4525,1,13.36,13.36,0,0,1001841,未退款,已完成,
TB0000888,2026-08-06 12:18:04,1985646,图书文创-商品5646,1,56.58,56.58,0,0,1001841,未退款,已完成,
TB0000889,2026-08-06 13:49:07,3218589,家居日用-商品8589,1,47.25,47.25,0,0,1001841,未退款,已完成,
TB0000889,2026-08-06 13:49:07,1208609,数码家电-商品8609,1,391.1,391.1,0,0,1001841,未退款,已完成,
TB0000890,2026-08-11 04:40:47,410046,运动户外-商品0046,1,198.37,198.37,0,0,1001841,未退款,已完成,
TB0000891,2026-08-11 12:29:30,5015102,图书文创-商品5102,1,28.62,28.62,0,0,1001841,未退款,已完成,
TB0000892,2026-08-10 06:46:26,1126595,数码家电-商品6595,1,356.11,356.11,0,0,1001844,未退款,已完成,
TB0000893,2026-08-10 14:37:12,2807773,运动户外-商品7773,1,255.47,255.47,0,0,1001844,未退款,已完成,
TB0000894,2026-08-04 11:27:38,1856247,美妆个护-商品6247,1,82.89,82.89,0,0,1001847,未退款,已完成,
TB0000895,2026-08-04 12:01:30,2804553,美妆个护-商品4553,1,170.0,170.0,0,0,1001847,未退款,已完成,
TB0000896,2026-08-05 00:12:49,1666104,母婴玩具-商品6104,1,160.96,160.96,0,0,1001847,未退款,已完成,
TB0000897,2026-08-05 08:47:26,193866,数码家电-商品3866,1,352.57,352.57,0,0,1001850,未退款,已完成,
TB0000898,2026-08-11 02:21:39,1551221,数码家电-商品1221,1,874.62,874.62,0,0,1001850,未退款,已完成,
TB0000899,2026-08-05 15:00:42,3345440,图书文创-商品5440,1,28.85,28.85,0,0,1001855,未退款,已完成,
TB0000900,2026-08-08 08:44:23,483733,图书文创-商品3733,1,12.55,12.55,0,0,1001855,未退款,已完成,
TB0000900,2026-08-08 08:44:23,3359969,母婴玩具-商品9969,1,154.67,154.67,0,0,1001855,未退款,已完成,
TB0000901,2026-08-04 13:51:49,578935,数码家电-商品8935,1,868.62,868.62,0,0,1001856,未退款,已完成,
TB0000902,2026-08-06 11:57:49,2421527,美妆个护-商品1527,1,245.55,245.55,0,0,1001856,未退款,已完成,
TB0000903,2026-08-06 14:09:05,5019106,母婴玩具-商品9106,1,153.22,153.22,0,0,1001856,未退款,已完成,
TB0000904,2026-08-06 16:33:15,600295,数码家电-商品0295,1,369.58,369.58,0,0,1001856,未退款,已完成,
TB0000905,2026-08-07 09:37:44,2271942,数码家电-商品1942,1,129.7,129.7,0,0,1001856,未退款,已完成,
TB0000906,2026-08-10 09:23:42,3311483,美妆个护-商品1483,1,159.12,159.12,0,0,1001856,未退款,已完成,
TB0000907,2026-08-10 15:21:46,2112367,运动户外-商品2367,1,295.15,295.15,0,0,1001856,未退款,已完成,
TB0000908,2026-08-11 11:46:17,154243,家居日用-商品4243,1,101.5,101.5,0,0,1001856,已退款,已退款,
TB0000909,2026-08-03 17:28:42,4109541,母婴玩具-商品9541,1,152.32,152.32,0,0,1001860,未退款,已完成,
TB0000910,2026-08-08 10:56:12,2598448,母婴玩具-商品8448,1,111.26,111.26,0,0,1001860,未退款,已完成,
TB0000911,2026-08-09 13:47:29,2598448,母婴玩具-商品8448,1,39.41,39.41,0,0,1001860,未退款,已完成,
TB0000912,2026-08-10 05:04:30,1349016,美妆个护-商品9016,1,292.06,292.06,0,0,1001860,未退款,已完成,
TB0000913,2026-08-08 05:36:37,347204,母婴玩具-商品7204,1,79.54,79.54,0,0,1001866,未退款,已完成,
TB0000913,2026-08-08 05:36:37,3593692,家居日用-商品3692,1,86.2,86.2,0,0,1001866,未退款,已完成,
TB0000913,2026-08-08 05:36:37,3953710,美妆个护-商品3710,1,293.1,293.1,0,0,1001866,未退款,已完成,
TB0000913,2026-08-08 05:36:37,4048874,数码家电-商品8874,1,101.13,101.13,0,0,1001866,未退款,已完成,
TB0000913,2026-08-08 05:36:37,28145,图书文创-商品8145,1,24.54,24.54,0,0,1001866,未退款,已完成,
TB0000913,2026-08-08 05:36:37,2555908,运动户外-商品5908,1,353.12,353.12,0,0,1001866,未退款,已完成,
TB0000913,2026-08-08 05:36:37,3970895,美妆个护-商品0895,1,43.82,43.82,0,0,1001866,未退款,已完成,
TB0000913,2026-08-08 05:36:37,3633759,运动户外-商品3759,1,282.33,282.33,0,0,1001866,未退款,已完成,
TB0000913,2026-08-08 05:36:37,1473420,数码家电-商品3420,1,608.87,608.87,0,0,1001866,未退款,已完成,
TB0000913,2026-08-08 05:36:37,1997887,家居日用-商品7887,1,146.9,146.9,0,0,1001866,未退款,已完成,
TB0000913,2026-08-08 05:36:37,2893759,母婴玩具-商品3759,1,68.81,68.81,0,0,1001866,未退款,已完成,
TB0000914,2026-08-08 07:20:31,28145,图书文创-商品8145,1,53.09,53.09,0,0,1001866,未退款,已完成,
TB0000915,2026-08-09 04:15:42,2414818,数码家电-商品4818,1,299.95,299.95,0,0,1001866,未退款,已完成,
TB0000916,2026-08-09 05:44:13,2143799,服饰鞋包-商品3799,1,155.12,155.12,0,0,1001866,未退款,已完成,
TB0000917,2026-08-09 06:02:38,2414818,数码家电-商品4818,1,270.56,270.56,0,0,1001866,未退款,已完成,
TB0000918,2026-08-07 11:30:34,234690,食品生鲜-商品4690,1,88.88,88.88,0,0,1001870,未退款,已完成,
TB0000919,2026-08-11 11:21:42,4626061,母婴玩具-商品6061,1,126.14,126.14,0,0,1001870,未退款,已完成,
TB0000920,2026-08-05 01:06:04,10724,母婴玩具-商品0724,1,164.82,164.82,0,0,1001872,未退款,已完成,
TB0000921,2026-08-06 16:26:43,3934579,图书文创-商品4579,1,46.43,46.43,0,0,1001872,未退款,已完成,
TB0000922,2026-08-04 15:26:37,3513856,家居日用-商品3856,1,72.57,72.57,0,0,1001875,已退款,已退款,
TB0000923,2026-08-05 06:43:48,523969,服饰鞋包-商品3969,1,65.25,65.25,0,0,1001875,未退款,已完成,
TB0000924,2026-08-06 14:42:24,523969,服饰鞋包-商品3969,1,53.95,53.95,0,0,1001875,未退款,已完成,
TB0000925,2026-08-08 06:03:44,523969,服饰鞋包-商品3969,1,135.09,135.09,0,0,1001875,未退款,已完成,
TB0000926,2026-08-10 05:38:02,3992091,服饰鞋包-商品2091,1,164.19,164.19,0,0,1001875,未退款,已完成,
TB0000927,2026-08-05 01:53:28,429157,运动户外-商品9157,1,271.24,271.24,0,0,1001876,未退款,已完成,
TB0000928,2026-08-12 08:18:45,429157,运动户外-商品9157,1,375.92,375.92,0,0,1001876,未退款,已完成,
TB0000929,2026-08-05 06:19:50,4359063,母婴玩具-商品9063,1,39.58,39.58,0,0,1001877,未退款,已完成,
TB0000930,2026-08-05 06:46:20,4359063,母婴玩具-商品9063,1,109.11,109.11,0,0,1001877,未退款,已完成,
TB0000931,2026-08-11 09:02:12,2035985,母婴玩具-商品5985,1,45.55,45.55,0,0,1001877,未退款,已完成,
TB0000932,2026-08-12 02:11:15,2397985,美妆个护-商品7985,1,117.64,117.64,0,0,1001879,未退款,已完成,
TB0000932,2026-08-12 02:11:15,1705890,服饰鞋包-商品5890,1,197.69,197.69,0,0,1001879,未退款,已完成,
TB0000933,2026-08-12 02:16:30,4948256,服饰鞋包-商品8256,1,103.97,103.97,0,0,1001882,已退款,已退款,
TB0000934,2026-08-06 08:33:28,3217628,美妆个护-商品7628,1,188.47,188.47,0,0,1001891,未退款,已完成,
TB0000935,2026-08-09 09:16:21,3771336,母婴玩具-商品1336,1,96.58,96.58,0,0,1001891,未退款,已完成,
TB0000936,2026-08-12 02:41:27,2653479,家居日用-商品3479,1,87.45,87.45,0,0,1001902,未退款,已完成,
TB0000937,2026-08-12 04:46:03,2676163,家居日用-商品6163,1,45.19,45.19,0,0,1001902,未退款,已完成,
TB0000938,2026-08-08 08:25:45,2149649,服饰鞋包-商品9649,1,83.65,83.65,0,0,1001903,未退款,已完成,
TB0000939,2026-08-08 10:44:03,1239068,运动户外-商品9068,1,88.36,88.36,0,0,1001908,未退款,已完成,
TB0000940,2026-08-10 06:38:47,4945303,家居日用-商品5303,1,80.54,80.54,0,0,1001908,未退款,已完成,
TB0000941,2026-08-10 02:11:23,1095113,服饰鞋包-商品5113,1,142.83,142.83,0,0,1001912,未退款,已完成,
TB0000942,2026-08-04 00:58:51,2127892,母婴玩具-商品7892,1,97.61,97.61,0,0,1001915,未退款,已完成,
TB0000943,2026-08-10 07:44:32,1562666,美妆个护-商品2666,1,220.73,220.73,0,0,1001915,未退款,已完成,
TB0000944,2026-08-10 14:05:31,1728241,食品生鲜-商品8241,1,10.2,10.2,0,0,1001915,未退款,已完成,
TB0000945,2026-08-11 08:26:39,614620,数码家电-商品4620,1,655.98,655.98,0,0,1001915,未退款,已完成,
TB0000946,2026-08-11 08:30:43,3419397,图书文创-商品9397,1,66.32,66.32,0,0,1001915,未退款,已完成,
TB0000947,2026-08-06 14:09:53,334940,数码家电-商品4940,1,394.43,394.43,0,0,1001917,未退款,已完成,
TB0000948,2026-08-08 13:04:24,4884479,家居日用-商品4479,1,138.99,138.99,0,0,1001917,未退款,已完成,
TB0000949,2026-08-09 12:10:41,3892517,运动户外-商品2517,1,383.59,383.59,0,0,1001917,未退款,已完成,
TB0000950,2026-08-10 12:15:13,1498846,图书文创-商品8846,1,53.17,53.17,0,0,1001920,已退款,已退款,
TB0000951,2026-08-10 12:19:56,2073058,图书文创-商品3058,1,30.5,30.5,0,0,1001920,未退款,已完成,
TB0000952,2026-08-10 14:28:30,1684517,美妆个护-商品4517,1,183.2,183.2,0,0,1001920,未退款,已完成,
TB0000953,2026-08-06 00:05:56,2905957,食品生鲜-商品5957,1,61.59,61.59,0,0,1001921,未退款,已完成,
TB0000954,2026-08-06 01:25:37,547160,家居日用-商品7160,1,111.35,111.35,0,0,1001921,未退款,已完成,
TB0000955,2026-08-11 17:33:12,2324414,服饰鞋包-商品4414,1,47.74,47.74,0,0,1001921,未退款,已完成,
TB0000955,2026-08-11 17:33:12,2489214,服饰鞋包-商品9214,1,161.43,161.43,0,0,1001921,未退款,已完成,
TB0000955,2026-08-11 17:33:12,3601388,服饰鞋包-商品1388,1,83.99,83.99,0,0,1001921,未退款,已完成,
TB0000956,2026-08-12 15:20:29,1951401,家居日用-商品1401,1,112.78,112.78,0,0,1001921,未退款,已完成,
TB0000957,2026-08-06 14:00:37,4678420,母婴玩具-商品8420,1,170.13,170.13,0,0,1001944,未退款,已完成,
TB0000958,2026-08-06 14:14:36,1326888,母婴玩具-商品6888,1,126.29,126.29,0,0,1001944,未退款,已完成,
TB0000959,2026-08-09 10:58:01,3261270,母婴玩具-商品1270,1,100.23,100.23,0,0,1001944,未退款,已完成,
TB0000960,2026-08-09 11:47:57,325941,食品生鲜-商品5941,1,20.45,20.45,0,0,1001944,未退款,已完成,
TB0000961,2026-08-07 06:42:16,2460757,母婴玩具-商品0757,1,171.67,171.67,0,0,1001946,未退款,已完成,
TB0000962,2026-08-11 03:44:36,4337988,服饰鞋包-商品7988,1,108.83,108.83,0,0,1001947,未退款,已完成,
TB0000963,2026-08-09 02:36:52,1382649,食品生鲜-商品2649,1,65.76,65.76,0,0,1001952,未退款,已完成,
TB0000964,2026-08-12 14:03:09,3919004,母婴玩具-商品9004,1,34.73,34.73,0,0,1001952,未退款,已完成,
TB0000965,2026-08-10 05:05:22,4384912,美妆个护-商品4912,1,109.71,109.71,0,0,1001967,未退款,已完成,
TB0000966,2026-08-11 13:18:59,1572186,图书文创-商品2186,1,14.25,14.25,0,0,1001967,未退款,已完成,
TB0000967,2026-08-12 02:09:30,362502,运动户外-商品2502,1,81.08,81.08,0,0,1001967,未退款,已完成,
TB0000968,2026-08-05 06:12:44,1788906,家居日用-商品8906,1,16.71,16.71,0,0,1001981,未退款,已完成,
TB0000969,2026-08-10 18:42:33,4810027,运动户外-商品0027,1,367.06,367.06,0,0,1001982,未退款,已完成,
TB0000970,2026-08-12 15:01:13,581509,食品生鲜-商品1509,1,61.32,61.32,0,0,1001982,未退款,已完成,
TB0000971,2026-08-08 12:38:19,4249765,食品生鲜-商品9765,1,29.12,29.12,0,0,1001985,未退款,已完成,
TB0000972,2026-08-10 12:49:06,3946294,家居日用-商品6294,1,105.17,105.17,0,0,1001988,未退款,已完成,
TB0000973,2026-08-10 12:50:13,5130331,家居日用-商品0331,1,138.5,138.5,0,0,1001988,未退款,已完成,
TB0000974,2026-08-12 10:40:16,2788503,数码家电-商品8503,1,767.65,767.65,0,0,1001988,未退款,已完成,
TB0000975,2026-08-12 12:09:42,3991727,食品生鲜-商品1727,1,22.03,22.03,0,0,1001988,未退款,已完成,
TB0000976,2026-08-09 08:45:22,1434370,食品生鲜-商品4370,1,12.87,12.87,0,0,1002005,未退款,已完成,
TB0000977,2026-08-09 05:30:19,3224404,食品生鲜-商品4404,1,19.98,19.98,0,0,1002010,未退款,已完成,
TB0000978,2026-08-08 07:51:38,1053163,美妆个护-商品3163,1,190.55,190.55,0,0,1002020,未退款,已完成,
TB0000979,2026-08-08 10:10:47,2474985,食品生鲜-商品4985,1,64.59,64.59,0,0,1002020,未退款,已完成,
TB0000980,2026-08-12 06:39:51,4522037,家居日用-商品2037,1,62.96,62.96,0,0,1002020,未退款,已完成,
TB0000980,2026-08-12 06:39:51,1372863,运动户外-商品2863,1,308.13,308.13,0,0,1002020,未退款,已完成,
TB0000981,2026-08-05 10:33:21,4755682,食品生鲜-商品5682,1,12.94,12.94,0,0,1002031,未退款,已完成,
TB0000982,2026-08-05 10:36:14,3334450,数码家电-商品4450,1,343.73,343.73,0,0,1002031,未退款,已完成,
TB0000983,2026-08-06 05:52:43,667682,数码家电-商品7682,1,159.92,159.92,0,0,1002031,未退款,已完成,
TB0000984,2026-08-06 05:59:50,667682,数码家电-商品7682,1,893.14,893.14,0,0,1002031,未退款,已完成,
TB0000985,2026-08-07 13:57:16,2533652,美妆个护-商品3652,1,203.86,203.86,0,0,1002031,未退款,已完成,
TB0000986,2026-08-07 15:40:32,4732412,美妆个护-商品2412,1,64.48,64.48,0,0,1002031,未退款,已完成,
TB0000987,2026-08-07 15:45:28,2836196,食品生鲜-商品6196,1,35.16,35.16,0,0,1002031,未退款,已完成,
TB0000988,2026-08-07 15:50:12,4732412,美妆个护-商品2412,1,40.59,40.59,0,0,1002031,未退款,已完成,
TB0000989,2026-08-08 04:15:10,667682,数码家电-商品7682,1,378.74,378.74,0,0,1002031,未退款,已完成,
TB0000990,2026-08-08 04:47:27,667682,数码家电-商品7682,1,417.16,417.16,0,0,1002031,未退款,已完成,
TB0000991,2026-08-09 03:12:54,597992,母婴玩具-商品7992,1,62.32,62.32,0,0,1002031,未退款,已完成,
TB0000992,2026-08-09 14:57:48,265985,服饰鞋包-商品5985,1,111.38,111.38,0,0,1002031,已退款,已退款,
TB0000993,2026-08-11 04:36:11,342419,服饰鞋包-商品2419,1,88.55,88.55,0,0,1002031,未退款,已完成,
TB0000994,2026-08-11 05:09:38,1884224,服饰鞋包-商品4224,1,30.96,30.96,0,0,1002031,未退款,已完成,
TB0000995,2026-08-12 03:36:09,406546,家居日用-商品6546,1,144.57,144.57,0,0,1002031,未退款,已完成,
TB0000996,2026-08-12 13:58:45,888425,服饰鞋包-商品8425,1,146.09,146.09,0,0,1002031,未退款,已完成,
TB0000997,2026-08-09 13:56:30,4123885,食品生鲜-商品3885,1,74.22,74.22,0,0,1002032,未退款,已完成,
TB0000997,2026-08-09 13:56:30,2116130,美妆个护-商品6130,1,64.63,64.63,0,0,1002032,未退款,已完成,
TB0000997,2026-08-09 13:56:30,1635400,美妆个护-商品5400,1,217.16,217.16,0,0,1002032,未退款,已完成,
TB0000998,2026-08-09 13:57:03,2816251,美妆个护-商品6251,1,155.0,155.0,0,0,1002032,未退款,已完成,
TB0000999,2026-08-04 14:10:32,1425149,食品生鲜-商品5149,1,69.64,69.64,0,0,1002034,未退款,已完成,
TB0000999,2026-08-04 14:10:32,3153601,美妆个护-商品3601,1,71.75,71.75,0,0,1002034,未退款,已完成,
TB0001000,2026-08-05 04:45:32,4932147,家居日用-商品2147,1,72.91,72.91,0,0,1002034,未退款,已完成,
TB0001001,2026-08-06 01:27:16,1958894,食品生鲜-商品8894,1,59.6,59.6,0,0,1002034,未退款,已完成,
TB0001002,2026-08-11 13:12:39,4898965,母婴玩具-商品8965,1,52.02,52.02,0,0,1002034,未退款,已完成,
TB0001003,2026-08-08 13:50:51,89936,食品生鲜-商品9936,1,54.95,54.95,0,0,1002040,未退款,已完成,
TB0001004,2026-08-08 13:55:01,4525725,图书文创-商品5725,1,45.17,45.17,0,0,1002040,未退款,已完成,
TB0001005,2026-08-09 15:36:56,4270301,美妆个护-商品0301,1,169.23,169.23,0,0,1002040,未退款,已完成,
TB0001006,2026-08-06 11:15:50,2492847,家居日用-商品2847,1,82.07,82.07,0,0,1002042,未退款,已完成,
TB0001006,2026-08-06 11:15:50,1972511,家居日用-商品2511,1,123.55,123.55,0,0,1002042,未退款,已完成,
TB0001007,2026-08-06 11:48:10,5105481,家居日用-商品5481,1,37.82,37.82,0,0,1002042,未退款,已完成,
TB0001008,2026-08-06 12:14:33,4737773,图书文创-商品7773,1,41.82,41.82,0,0,1002042,未退款,已完成,
TB0001009,2026-08-07 14:38:34,4540233,食品生鲜-商品0233,1,81.96,81.96,0,0,1002042,未退款,已完成,
TB0001010,2026-08-11 15:41:41,2974274,服饰鞋包-商品4274,1,145.27,145.27,0,0,1002042,未退款,已完成,
TB0001011,2026-08-12 10:06:45,4520041,服饰鞋包-商品0041,1,86.56,86.56,0,0,1002042,已退款,已退款,
TB0001012,2026-08-08 05:12:53,1429790,数码家电-商品9790,1,694.72,694.72,0,0,1002044,未退款,已完成,
TB0001013,2026-08-05 14:25:02,4362782,数码家电-商品2782,1,113.42,113.42,0,0,1002046,未退款,已完成,
TB0001014,2026-08-06 05:38:38,2113845,图书文创-商品3845,1,45.63,45.63,0,0,1002046,未退款,已完成,
TB0001015,2026-08-06 05:47:44,5134408,食品生鲜-商品4408,1,87.15,87.15,0,0,1002046,未退款,已完成,
TB0001015,2026-08-06 05:47:44,4677430,母婴玩具-商品7430,1,21.77,21.77,0,0,1002046,未退款,已完成,
TB0001016,2026-08-06 11:47:08,3563468,美妆个护-商品3468,1,125.87,125.87,0,0,1002046,未退款,已完成,
TB0001017,2026-08-07 04:38:04,1851490,数码家电-商品1490,1,482.51,482.51,0,0,1002046,未退款,已完成,
TB0001017,2026-08-07 04:38:04,4360347,数码家电-商品0347,1,776.52,776.52,0,0,1002046,未退款,已完成,
TB0001017,2026-08-07 04:38:04,1584527,数码家电-商品4527,1,215.16,215.16,0,0,1002046,未退款,已完成,
TB0001018,2026-08-07 01:29:59,4880025,美妆个护-商品0025,1,177.08,177.08,0,0,1002058,未退款,已完成,
TB0001019,2026-08-09 05:09:38,1150190,食品生鲜-商品0190,1,60.25,60.25,0,0,1002066,未退款,已完成,
TB0001020,2026-08-09 05:18:15,2388902,母婴玩具-商品8902,1,63.83,63.83,0,0,1002066,未退款,已完成,
TB0001020,2026-08-09 05:18:15,4550531,家居日用-商品0531,1,38.07,38.07,0,0,1002066,未退款,已完成,
TB0001021,2026-08-09 06:02:29,3914997,运动户外-商品4997,1,107.94,107.94,0,0,1002066,未退款,已完成,
TB0001022,2026-08-10 23:29:30,505125,运动户外-商品5125,1,192.56,192.56,0,0,1002066,未退款,已完成,
TB0001023,2026-08-04 08:15:09,2984520,食品生鲜-商品4520,1,34.01,34.01,0,0,1002093,未退款,已完成,
TB0001024,2026-08-10 08:56:00,1181016,母婴玩具-商品1016,1,27.32,27.32,0,0,1002093,未退款,已完成,
TB0001025,2026-08-11 03:02:06,1415493,美妆个护-商品5493,1,214.16,214.16,0,0,1002093,未退款,已完成,
TB0001026,2026-08-12 09:38:11,3590539,母婴玩具-商品0539,1,138.87,138.87,0,0,1002093,未退款,已完成,
TB0001027,2026-08-04 13:27:23,622226,家居日用-商品2226,1,22.64,22.64,0,0,1002095,未退款,已完成,
TB0001028,2026-08-07 13:24:35,3009507,母婴玩具-商品9507,1,99.98,99.98,0,0,1002095,未退款,已完成,
TB0001029,2026-08-08 04:40:19,68430,母婴玩具-商品8430,1,24.6,24.6,0,0,1002095,未退款,已完成,
TB0001030,2026-08-09 11:24:00,68430,母婴玩具-商品8430,1,101.37,101.37,0,0,1002095,未退款,已完成,
TB0001031,2026-08-06 03:23:45,3977352,数码家电-商品7352,1,421.6,421.6,0,0,1002118,未退款,已完成,
TB0001032,2026-08-06 08:09:52,2657558,运动户外-商品7558,1,168.82,168.82,0,0,1002118,已退款,已退款,
TB0001033,2026-08-10 04:11:43,4632344,数码家电-商品2344,1,526.37,526.37,0,0,1002118,未退款,已完成,
TB0001034,2026-08-12 13:31:36,1552681,母婴玩具-商品2681,1,62.74,62.74,0,0,1002127,未退款,已完成,
TB0001034,2026-08-12 13:31:36,1764973,母婴玩具-商品4973,1,84.51,84.51,0,0,1002127,未退款,已完成,
TB0001035,2026-08-08 19:20:40,3260161,母婴玩具-商品0161,1,114.36,114.36,0,0,1002128,未退款,已完成,
TB0001036,2026-08-09 10:19:51,1739464,数码家电-商品9464,1,479.3,479.3,0,0,1002128,未退款,已完成,
TB0001037,2026-08-07 06:09:08,3665177,图书文创-商品5177,1,29.13,29.13,0,0,1002132,未退款,已完成,
TB0001037,2026-08-07 06:09:08,2614978,美妆个护-商品4978,1,265.04,265.04,0,0,1002132,未退款,已完成,
TB0001037,2026-08-07 06:09:08,4182041,美妆个护-商品2041,1,209.17,209.17,0,0,1002132,未退款,已完成,
TB0001037,2026-08-07 06:09:08,589614,美妆个护-商品9614,1,224.19,224.19,0,0,1002132,未退款,已完成,
TB0001038,2026-08-07 10:23:09,3863693,食品生鲜-商品3693,1,69.71,69.71,0,0,1002132,未退款,已完成,
TB0001039,2026-08-06 05:04:37,5077996,运动户外-商品7996,1,329.34,329.34,0,0,1002142,未退款,已完成,
TB0001040,2026-08-07 12:22:20,2832158,美妆个护-商品2158,1,129.71,129.71,0,0,1002142,未退款,已完成,
TB0001041,2026-08-11 02:50:55,4120557,服饰鞋包-商品0557,1,67.52,67.52,0,0,1002142,未退款,已完成,
TB0001042,2026-08-07 02:32:42,1258304,服饰鞋包-商品8304,1,198.5,198.5,0,0,1002147,未退款,已完成,
TB0001043,2026-08-03 16:51:15,2075478,数码家电-商品5478,1,736.06,736.06,0,0,1002166,未退款,已完成,
TB0001043,2026-08-03 16:51:15,2805322,运动户外-商品5322,1,101.49,101.49,0,0,1002166,未退款,已完成,
TB0001044,2026-08-03 17:07:55,3823922,母婴玩具-商品3922,1,88.72,88.72,0,0,1002166,未退款,已完成,
TB0001045,2026-08-05 07:44:38,2956120,服饰鞋包-商品6120,1,157.02,157.02,0,0,1002166,未退款,已完成,
TB0001046,2026-08-09 10:03:39,2650307,数码家电-商品0307,1,853.67,853.67,0,0,1002166,未退款,已完成,
TB0001047,2026-08-12 10:10:35,4474338,母婴玩具-商品4338,1,71.26,71.26,0,0,1002166,未退款,已完成,
TB0001047,2026-08-12 10:10:35,3479625,母婴玩具-商品9625,1,162.84,162.84,0,0,1002166,未退款,已完成,
TB0001047,2026-08-12 10:10:35,2954470,母婴玩具-商品4470,1,85.39,85.39,0,0,1002166,未退款,已完成,
TB0001047,2026-08-12 10:10:35,2462166,运动户外-商品2166,1,88.62,88.62,0,0,1002166,未退款,已完成,
TB0001048,2026-08-12 12:16:19,42496,图书文创-商品2496,1,37.98,37.98,0,0,1002166,未退款,已完成,
TB0001049,2026-08-05 05:47:11,4955132,食品生鲜-商品5132,1,50.61,50.61,0,0,1002172,未退款,已完成,
TB0001050,2026-08-05 12:47:15,1706165,母婴玩具-商品6165,1,53.9,53.9,0,0,1002172,未退款,已完成,
TB0001051,2026-08-12 05:34:57,4113505,服饰鞋包-商品3505,1,174.33,174.33,0,0,1002180,未退款,已完成,
TB0001052,2026-08-12 07:58:03,4113505,服饰鞋包-商品3505,1,29.97,29.97,0,0,1002180,未退款,已完成,
TB0001053,2026-08-08 13:54:50,3677049,数码家电-商品7049,1,520.12,520.12,0,0,1002183,未退款,已完成,
TB0001054,2026-08-03 16:40:33,1559429,服饰鞋包-商品9429,1,96.68,96.68,0,0,1002185,已退款,已退款,
TB0001055,2026-08-04 06:42:58,5108025,美妆个护-商品8025,1,295.18,295.18,0,0,1002185,未退款,已完成,
TB0001056,2026-08-06 09:31:51,2795108,数码家电-商品5108,1,178.36,178.36,0,0,1002185,未退款,已完成,
TB0001057,2026-08-09 00:29:52,1727986,食品生鲜-商品7986,1,98.19,98.19,0,0,1002185,未退款,已完成,
TB0001058,2026-08-09 00:37:31,1255479,美妆个护-商品5479,1,124.59,124.59,0,0,1002185,未退款,已完成,
TB0001059,2026-08-10 07:03:18,639339,运动户外-商品9339,1,178.76,178.76,0,0,1002185,未退款,已完成,
TB0001060,2026-08-11 06:38:08,2405091,食品生鲜-商品5091,1,12.05,12.05,0,0,1002185,未退款,已完成,
TB0001061,2026-08-06 06:32:21,575277,图书文创-商品5277,1,67.39,67.39,0,0,1002188,未退款,已完成,
TB0001062,2026-08-07 11:11:36,2860395,运动户外-商品0395,1,47.77,47.77,0,0,1002188,未退款,已完成,
TB0001063,2026-08-12 11:00:54,3328989,运动户外-商品8989,1,127.63,127.63,0,0,1002188,未退款,已完成,
TB0001064,2026-08-05 09:31:48,449939,母婴玩具-商品9939,1,27.71,27.71,0,0,1002191,已退款,已退款,
TB0001065,2026-08-09 01:31:14,3943031,母婴玩具-商品3031,1,25.86,25.86,0,0,1002191,未退款,已完成,
TB0001066,2026-08-09 13:27:24,2448739,食品生鲜-商品8739,1,12.39,12.39,0,0,1002191,未退款,已完成,
TB0001067,2026-08-06 06:15:34,2224412,运动户外-商品4412,1,257.89,257.89,0,0,1002194,未退款,已完成,
TB0001068,2026-08-10 14:46:30,1418524,美妆个护-商品8524,1,152.6,152.6,0,0,1002194,未退款,已完成,
TB0001069,2026-08-12 01:02:48,1540131,食品生鲜-商品0131,1,11.73,11.73,0,0,1002194,未退款,已完成,
TB0001070,2026-08-05 09:06:11,3300865,食品生鲜-商品0865,1,23.97,23.97,0,0,1002200,未退款,已完成,
TB0001071,2026-08-05 08:39:55,5075207,美妆个护-商品5207,1,175.6,175.6,0,0,1002201,未退款,已完成,
TB0001072,2026-08-07 02:18:59,4798835,数码家电-商品8835,1,398.93,398.93,0,0,1002201,未退款,已完成,
TB0001073,2026-08-07 02:28:00,337222,数码家电-商品7222,1,203.95,203.95,0,0,1002201,未退款,已完成,
TB0001074,2026-08-07 23:37:38,4193186,数码家电-商品3186,1,751.87,751.87,0,0,1002201,未退款,已完成,
TB0001075,2026-08-11 09:35:17,5145325,母婴玩具-商品5325,1,171.51,171.51,0,0,1002201,未退款,已完成,
TB0001076,2026-08-05 03:59:00,1773210,数码家电-商品3210,1,869.27,869.27,0,0,1002202,未退款,已完成,
TB0001077,2026-08-06 02:06:22,1325619,母婴玩具-商品5619,1,162.69,162.69,0,0,1002202,未退款,已完成,
TB0001078,2026-08-07 15:38:35,228430,美妆个护-商品8430,1,160.3,160.3,0,0,1002202,未退款,已完成,
TB0001079,2026-08-04 15:25:28,863703,食品生鲜-商品3703,1,28.35,28.35,0,0,1002208,未退款,已完成,
TB0001080,2026-08-08 13:12:23,2777161,运动户外-商品7161,1,387.92,387.92,0,0,1002208,未退款,已完成,
TB0001081,2026-08-11 02:51:40,415214,母婴玩具-商品5214,1,197.26,197.26,0,0,1002208,未退款,已完成,
TB0001082,2026-08-11 03:09:17,5098864,美妆个护-商品8864,1,142.13,142.13,0,0,1002208,未退款,已完成,
TB0001083,2026-08-12 03:16:37,4823575,母婴玩具-商品3575,1,41.74,41.74,0,0,1002208,未退款,已完成,
TB0001084,2026-08-04 12:35:33,4729319,数码家电-商品9319,1,636.8,636.8,0,0,1002213,未退款,已完成,
TB0001085,2026-08-05 13:46:30,3817617,数码家电-商品7617,1,686.52,686.52,0,0,1002213,未退款,已完成,
TB0001086,2026-08-07 06:54:57,3108496,图书文创-商品8496,1,39.36,39.36,0,0,1002218,未退款,已完成,
TB0001087,2026-08-12 11:19:26,3063357,数码家电-商品3357,1,499.68,499.68,0,0,1002218,未退款,已完成,
TB0001088,2026-08-04 05:37:36,829923,运动户外-商品9923,1,133.85,133.85,0,0,1002222,未退款,已完成,
TB0001089,2026-08-07 01:34:51,2942236,数码家电-商品2236,1,812.59,812.59,0,0,1002222,未退款,已完成,
TB0001090,2026-08-07 01:36:55,3246591,数码家电-商品6591,1,331.61,331.61,0,0,1002222,未退款,已完成,
TB0001091,2026-08-07 03:02:50,285518,图书文创-商品5518,1,56.75,56.75,0,0,1002222,未退款,已完成,
TB0001092,2026-08-07 03:46:57,1982534,运动户外-商品2534,1,181.4,181.4,0,0,1002222,未退款,已完成,
TB0001092,2026-08-07 03:46:57,317843,食品生鲜-商品7843,1,38.35,38.35,0,0,1002222,未退款,已完成,
TB0001092,2026-08-07 03:46:57,1185909,图书文创-商品5909,1,17.6,17.6,0,0,1002222,未退款,已完成,
TB0001093,2026-08-08 09:44:06,3055426,母婴玩具-商品5426,1,151.68,151.68,0,0,1002222,已退款,已退款,
TB0001094,2026-08-08 11:28:30,3248816,数码家电-商品8816,1,719.75,719.75,0,0,1002222,未退款,已完成,
TB0001095,2026-08-09 07:17:34,3768957,服饰鞋包-商品8957,1,80.4,80.4,0,0,1002222,未退款,已完成,
TB0001096,2026-08-11 08:32:28,3235903,母婴玩具-商品5903,1,162.83,162.83,0,0,1002222,未退款,已完成,
TB0001097,2026-08-07 06:49:00,3006793,数码家电-商品6793,1,877.54,877.54,0,0,1002226,未退款,已完成,
TB0001098,2026-08-10 02:39:02,3369849,运动户外-商品9849,1,170.84,170.84,0,0,1002226,已退款,已退款,
TB0001099,2026-08-10 04:49:05,2711121,运动户外-商品1121,1,42.02,42.02,0,0,1002226,未退款,已完成,
TB0001100,2026-08-10 06:10:55,3769601,数码家电-商品9601,1,335.6,335.6,0,0,1002226,未退款,已完成,
TB0001101,2026-08-07 07:53:57,5031915,食品生鲜-商品1915,1,58.45,58.45,0,0,1002228,未退款,已完成,
TB0001102,2026-08-07 09:00:06,2452388,数码家电-商品2388,1,770.81,770.81,0,0,1002228,未退款,已完成,
TB0001103,2026-08-07 09:20:03,128903,数码家电-商品8903,1,541.53,541.53,0,0,1002228,未退款,已完成,
TB0001104,2026-08-07 15:48:49,1131455,数码家电-商品1455,1,228.47,228.47,0,0,1002228,未退款,已完成,
TB0001105,2026-08-07 15:57:35,1131455,数码家电-商品1455,1,418.77,418.77,0,0,1002228,未退款,已完成,
TB0001105,2026-08-07 15:57:35,1515627,数码家电-商品5627,1,599.11,599.11,0,0,1002228,未退款,已完成,
TB0001106,2026-08-07 15:58:57,1131455,数码家电-商品1455,1,314.43,314.43,0,0,1002228,未退款,已完成,
TB0001106,2026-08-07 15:58:57,1515627,数码家电-商品5627,1,438.28,438.28,0,0,1002228,未退款,已完成,
TB0001107,2026-08-08 05:13:42,985510,食品生鲜-商品5510,1,78.09,78.09,0,0,1002228,未退款,已完成,
TB0001108,2026-08-10 05:09:27,1951215,美妆个护-商品1215,1,28.52,28.52,0,0,1002228,未退款,已完成,
TB0001109,2026-08-07 02:29:41,430580,母婴玩具-商品0580,1,186.72,186.72,0,0,1002237,未退款,已完成,
TB0001110,2026-08-08 04:56:21,1575194,数码家电-商品5194,1,594.62,594.62,0,0,1002237,已退款,已退款,
TB0001111,2026-08-08 05:08:58,3827051,美妆个护-商品7051,1,263.27,263.27,0,0,1002237,未退款,已完成,
TB0001112,2026-08-08 09:16:38,4070208,服饰鞋包-商品0208,1,178.68,178.68,0,0,1002237,未退款,已完成,
TB0001112,2026-08-08 09:16:38,3877996,服饰鞋包-商品7996,1,68.15,68.15,0,0,1002237,未退款,已完成,
TB0001113,2026-08-08 09:31:28,3886923,图书文创-商品6923,1,66.05,66.05,0,0,1002237,未退款,已完成,
TB0001114,2026-08-09 03:21:25,698592,母婴玩具-商品8592,1,161.26,161.26,0,0,1002237,未退款,已完成,
TB0001115,2026-08-11 11:25:31,1904274,食品生鲜-商品4274,1,73.51,73.51,0,0,1002237,未退款,已完成,
TB0001116,2026-08-11 11:54:28,523744,母婴玩具-商品3744,1,85.02,85.02,0,0,1002237,未退款,已完成,
TB0001117,2026-08-08 12:28:29,404630,数码家电-商品4630,1,318.21,318.21,0,0,1002246,未退款,已完成,
TB0001118,2026-08-08 12:53:24,3569718,家居日用-商品9718,1,54.86,54.86,0,0,1002246,未退款,已完成,
TB0001119,2026-08-11 10:00:39,1033405,母婴玩具-商品3405,1,195.98,195.98,0,0,1002246,未退款,已完成,
TB0001120,2026-08-11 10:25:01,4125677,数码家电-商品5677,1,774.45,774.45,0,0,1002246,未退款,已完成,
TB0001121,2026-08-11 10:39:47,4626472,服饰鞋包-商品6472,1,53.36,53.36,0,0,1002246,未退款,已完成,
TB0001122,2026-08-11 11:15:21,1092203,食品生鲜-商品2203,1,92.39,92.39,0,0,1002246,未退款,已完成,
TB0001123,2026-08-11 11:49:30,5100508,运动户外-商品0508,1,113.03,113.03,0,0,1002246,未退款,已完成,
TB0001124,2026-08-12 03:40:14,4130155,母婴玩具-商品0155,1,164.0,164.0,0,0,1002246,未退款,已完成,
TB0001125,2026-08-04 01:35:27,1053800,数码家电-商品3800,1,393.19,393.19,0,0,1002251,未退款,已完成,
TB0001125,2026-08-04 01:35:27,4603518,运动户外-商品3518,1,180.98,180.98,0,0,1002251,未退款,已完成,
TB0001125,2026-08-04 01:35:27,2650782,数码家电-商品0782,1,754.32,754.32,0,0,1002251,未退款,已完成,
TB0001125,2026-08-04 01:35:27,2534523,运动户外-商品4523,1,352.24,352.24,0,0,1002251,未退款,已完成,
TB0001126,2026-08-10 23:23:00,839441,数码家电-商品9441,1,152.95,152.95,0,0,1002251,未退款,已完成,
TB0001127,2026-08-07 02:36:43,2579282,食品生鲜-商品9282,1,97.56,97.56,0,0,1002254,未退款,已完成,
TB0001128,2026-08-11 15:19:52,1906885,美妆个护-商品6885,1,180.49,180.49,0,0,1002254,未退款,已完成,
TB0001129,2026-08-10 17:55:21,52636,母婴玩具-商品2636,1,111.34,111.34,0,0,1002257,未退款,已完成,
TB0001130,2026-08-12 06:29:34,2506913,美妆个护-商品6913,1,213.74,213.74,0,0,1002257,未退款,已完成,
TB0001131,2026-08-10 07:05:08,35000,运动户外-商品5000,1,351.07,351.07,0,0,1002260,未退款,已完成,
TB0001132,2026-08-03 17:09:40,552996,运动户外-商品2996,1,178.17,178.17,0,0,1002271,未退款,已完成,
TB0001133,2026-08-08 12:45:05,1859951,图书文创-商品9951,1,62.57,62.57,0,0,1002271,未退款,已完成,
TB0001134,2026-08-09 13:58:05,4064034,图书文创-商品4034,1,59.48,59.48,0,0,1002271,未退款,已完成,
TB0001135,2026-08-04 03:41:29,2764406,服饰鞋包-商品4406,1,129.07,129.07,0,0,1002291,未退款,已完成,
TB0001136,2026-08-05 03:22:02,3950092,食品生鲜-商品0092,1,26.79,26.79,0,0,1002295,未退款,已完成,
TB0001137,2026-08-07 08:33:51,3950092,食品生鲜-商品0092,1,85.72,85.72,0,0,1002295,未退款,已完成,
TB0001138,2026-08-11 12:40:38,5136894,美妆个护-商品6894,1,65.67,65.67,0,0,1002295,未退款,已完成,
TB0001139,2026-08-08 07:32:18,3988018,运动户外-商品8018,1,72.24,72.24,0,0,1002306,未退款,已完成,
TB0001140,2026-08-05 05:44:38,3631897,服饰鞋包-商品1897,1,157.34,157.34,0,0,1002307,未退款,已完成,
TB0001140,2026-08-05 05:44:38,1542149,食品生鲜-商品2149,1,38.11,38.11,0,0,1002307,未退款,已完成,
TB0001141,2026-08-05 09:08:59,743380,数码家电-商品3380,1,623.36,623.36,0,0,1002307,未退款,已完成,
TB0001142,2026-08-05 14:16:04,2742455,家居日用-商品2455,1,151.47,151.47,0,0,1002307,未退款,已完成,
TB0001143,2026-08-12 02:56:17,954365,运动户外-商品4365,1,184.12,184.12,0,0,1002307,未退款,已完成,
TB0001143,2026-08-12 02:56:17,1164412,服饰鞋包-商品4412,1,98.78,98.78,0,0,1002307,未退款,已完成,
TB0001143,2026-08-12 02:56:17,3015033,服饰鞋包-商品5033,1,145.75,145.75,0,0,1002307,未退款,已完成,
TB0001143,2026-08-12 02:56:17,2028434,美妆个护-商品8434,1,102.13,102.13,0,0,1002307,未退款,已完成,
TB0001143,2026-08-12 02:56:17,4466165,母婴玩具-商品6165,1,32.21,32.21,0,0,1002307,未退款,已完成,
TB0001144,2026-08-12 04:02:37,300124,家居日用-商品0124,1,139.78,139.78,0,0,1002307,未退款,已完成,
TB0001145,2026-08-10 07:20:09,4901887,图书文创-商品1887,1,67.29,67.29,0,0,1002311,未退款,已完成,
TB0001146,2026-08-12 11:19:03,1037315,服饰鞋包-商品7315,1,42.55,42.55,0,0,1002311,未退款,已完成,
TB0001147,2026-08-12 14:24:21,98684,数码家电-商品8684,1,213.37,213.37,0,0,1002315,未退款,已完成,
TB0001148,2026-08-08 12:33:26,3827021,美妆个护-商品7021,1,216.36,216.36,0,0,1002316,未退款,已完成,
TB0001148,2026-08-08 12:33:26,4368782,美妆个护-商品8782,1,290.33,290.33,0,0,1002316,未退款,已完成,
TB0001149,2026-08-11 09:05:42,719436,服饰鞋包-商品9436,1,180.78,180.78,0,0,1002317,未退款,已完成,
TB0001150,2026-08-12 14:59:06,3077270,母婴玩具-商品7270,1,188.88,188.88,0,0,1002317,未退款,已完成,
TB0001151,2026-08-12 15:03:02,3934593,数码家电-商品4593,1,678.37,678.37,0,0,1002317,未退款,已完成,
TB0001152,2026-08-07 02:46:19,3171268,美妆个护-商品1268,1,184.88,184.88,0,0,1002328,未退款,已完成,
TB0001153,2026-08-08 02:50:18,3497623,母婴玩具-商品7623,1,72.14,72.14,0,0,1002330,未退款,已完成,
TB0001154,2026-08-08 11:35:08,2112120,运动户外-商品2120,1,125.28,125.28,0,0,1002330,未退款,已完成,
TB0001154,2026-08-08 11:35:08,1392922,运动户外-商品2922,1,331.84,331.84,0,0,1002330,未退款,已完成,
TB0001155,2026-08-05 17:39:49,5061637,图书文创-商品1637,1,14.15,14.15,0,0,1002331,未退款,已完成,
TB0001156,2026-08-05 17:52:52,4334101,数码家电-商品4101,1,471.17,471.17,0,0,1002331,未退款,已完成,
TB0001157,2026-08-05 20:11:35,1058623,母婴玩具-商品8623,1,108.41,108.41,0,0,1002331,未退款,已完成,
TB0001158,2026-08-05 20:14:52,4895761,运动户外-商品5761,1,205.86,205.86,0,0,1002331,未退款,已完成,
TB0001159,2026-08-07 16:02:11,1545793,数码家电-商品5793,1,803.03,803.03,0,0,1002331,未退款,已完成,
TB0001160,2026-08-07 17:42:02,4744758,母婴玩具-商品4758,1,163.33,163.33,0,0,1002331,未退款,已完成,
TB0001161,2026-08-08 12:29:11,1273370,美妆个护-商品3370,1,251.62,251.62,0,0,1002331,未退款,已完成,
TB0001162,2026-08-07 07:33:49,2100054,家居日用-商品0054,1,36.23,36.23,0,0,1002339,未退款,已完成,
TB0001163,2026-08-03 22:40:07,1813343,母婴玩具-商品3343,1,146.95,146.95,0,0,1002349,未退款,已完成,
TB0001163,2026-08-03 22:40:07,2533563,食品生鲜-商品3563,1,11.2,11.2,0,0,1002349,未退款,已完成,
TB0001164,2026-08-04 12:02:30,1374600,家居日用-商品4600,1,154.54,154.54,0,0,1002349,未退款,已完成,
TB0001164,2026-08-04 12:02:30,5029825,服饰鞋包-商品9825,1,99.4,99.4,0,0,1002349,未退款,已完成,
TB0001165,2026-08-07 23:03:50,1118788,图书文创-商品8788,1,53.58,53.58,0,0,1002349,未退款,已完成,
TB0001166,2026-08-09 09:03:05,3097613,家居日用-商品7613,1,148.41,148.41,0,0,1002350,未退款,已完成,
TB0001167,2026-08-11 12:19:09,4554260,图书文创-商品4260,1,64.46,64.46,0,0,1002350,未退款,已完成,
TB0001168,2026-08-06 05:36:41,3350972,家居日用-商品0972,1,21.18,21.18,0,0,1002358,未退款,已完成,
TB0001168,2026-08-06 05:36:41,2194470,家居日用-商品4470,1,156.85,156.85,0,0,1002358,未退款,已完成,
TB0001169,2026-08-06 05:55:49,3350972,家居日用-商品0972,1,145.97,145.97,0,0,1002358,未退款,已完成,
TB0001170,2026-08-06 05:59:01,4215724,数码家电-商品5724,1,486.03,486.03,0,0,1002358,未退款,已完成,
TB0001171,2026-08-06 06:00:04,4374524,数码家电-商品4524,1,730.78,730.78,0,0,1002358,未退款,已完成,
TB0001172,2026-08-07 04:33:09,2101968,食品生鲜-商品1968,1,45.68,45.68,0,0,1002358,未退款,已完成,
TB0001173,2026-08-07 04:38:24,2601044,美妆个护-商品1044,1,27.87,27.87,0,0,1002358,已退款,已退款,
TB0001174,2026-08-07 05:59:38,1849192,服饰鞋包-商品9192,1,73.31,73.31,0,0,1002358,未退款,已完成,
TB0001175,2026-08-09 07:17:56,1820590,数码家电-商品0590,1,682.0,682.0,0,0,1002358,未退款,已完成,
TB0001176,2026-08-12 04:21:53,1820590,数码家电-商品0590,1,837.72,837.72,0,0,1002358,未退款,已完成,
TB0001177,2026-08-12 08:07:50,2746125,服饰鞋包-商品6125,1,82.44,82.44,0,0,1002375,未退款,已完成,
TB0001178,2026-08-05 04:56:46,1129771,运动户外-商品9771,1,202.08,202.08,0,0,1002387,未退款,已完成,
TB0001179,2026-08-05 15:39:00,2698998,数码家电-商品8998,1,835.64,835.64,0,0,1002387,未退款,已完成,
TB0001180,2026-08-07 06:26:08,3813320,图书文创-商品3320,1,55.55,55.55,0,0,1002387,未退款,已完成,
TB0001181,2026-08-08 02:50:53,3195564,食品生鲜-商品5564,1,21.53,21.53,0,0,1002387,未退款,已完成,
TB0001182,2026-08-08 07:25:44,4413170,数码家电-商品3170,1,599.52,599.52,0,0,1002387,未退款,已完成,
TB0001183,2026-08-10 09:59:14,226652,运动户外-商品6652,1,139.15,139.15,0,0,1002387,未退款,已完成,
TB0001184,2026-08-10 10:04:39,3591220,母婴玩具-商品1220,1,26.92,26.92,0,0,1002387,已退款,已退款,
TB0001185,2026-08-04 01:18:45,579037,美妆个护-商品9037,1,88.97,88.97,0,0,1002388,未退款,已完成,
TB0001186,2026-08-05 06:02:48,2469300,食品生鲜-商品9300,1,15.91,15.91,0,0,1002388,未退款,已完成,
TB0001187,2026-08-10 12:53:14,481173,图书文创-商品1173,1,33.67,33.67,0,0,1002388,未退款,已完成,
TB0001188,2026-08-10 13:23:43,2066677,美妆个护-商品6677,1,168.54,168.54,0,0,1002388,未退款,已完成,
TB0001189,2026-08-10 14:07:11,481173,图书文创-商品1173,1,22.49,22.49,0,0,1002388,已退款,已退款,
TB0001190,2026-08-06 11:47:55,2923352,运动户外-商品3352,1,281.19,281.19,0,0,1002392,未退款,已完成,
TB0001191,2026-08-08 14:12:16,460894,母婴玩具-商品0894,1,189.92,189.92,0,0,1002392,未退款,已完成,
TB0001192,2026-08-11 12:50:29,1474789,图书文创-商品4789,1,33.06,33.06,0,0,1002392,未退款,已完成,
TB0001193,2026-08-05 12:56:10,3055001,食品生鲜-商品5001,1,81.63,81.63,0,0,1002413,未退款,已完成,
TB0001194,2026-08-05 13:49:15,2396785,食品生鲜-商品6785,1,13.66,13.66,0,0,1002413,未退款,已完成,
TB0001194,2026-08-05 13:49:15,4638382,食品生鲜-商品8382,1,28.27,28.27,0,0,1002413,未退款,已完成,
TB0001195,2026-08-05 13:49:48,2396785,食品生鲜-商品6785,1,31.23,31.23,0,0,1002413,未退款,已完成,
TB0001196,2026-08-05 13:52:37,3411306,美妆个护-商品1306,1,195.08,195.08,0,0,1002413,未退款,已完成,
TB0001197,2026-08-10 01:26:27,1982142,运动户外-商品2142,1,211.37,211.37,0,0,1002421,未退款,已完成,
TB0001198,2026-08-10 01:25:39,1762970,运动户外-商品2970,1,397.21,397.21,0,0,1002426,未退款,已完成,
TB0001199,2026-08-07 01:34:37,5117293,服饰鞋包-商品7293,1,74.51,74.51,0,0,1002428,未退款,已完成,
TB0001200,2026-08-08 00:15:00,518814,食品生鲜-商品8814,1,85.49,85.49,0,0,1002428,已退款,已退款,
TB0001201,2026-08-09 04:48:28,23169,家居日用-商品3169,1,136.0,136.0,0,0,1002428,未退款,已完成,
TB0001202,2026-08-05 07:17:28,152286,图书文创-商品2286,1,66.26,66.26,0,0,1002435,未退款,已完成,
TB0001202,2026-08-05 07:17:28,2957196,图书文创-商品7196,1,15.91,15.91,0,0,1002435,未退款,已完成,
TB0001202,2026-08-05 07:17:28,49210,图书文创-商品9210,1,15.7,15.7,0,0,1002435,未退款,已完成,
TB0001203,2026-08-04 00:56:12,3783652,数码家电-商品3652,1,898.98,898.98,0,0,1002449,未退款,已完成,
TB0001204,2026-08-04 01:06:32,4658263,图书文创-商品8263,1,50.99,50.99,0,0,1002449,未退款,已完成,
TB0001205,2026-08-05 07:44:35,3116097,运动户外-商品6097,1,321.17,321.17,0,0,1002449,未退款,已完成,
TB0001206,2026-08-07 02:50:45,3014483,图书文创-商品4483,1,31.36,31.36,0,0,1002449,未退款,已完成,
TB0001207,2026-08-11 09:44:41,3474963,美妆个护-商品4963,1,23.53,23.53,0,0,1002449,未退款,已完成,
TB0001208,2026-08-06 07:11:46,1155296,图书文创-商品5296,1,24.22,24.22,0,0,1002453,未退款,已完成,
TB0001209,2026-08-04 03:13:12,1354952,美妆个护-商品4952,1,245.79,245.79,0,0,1002460,未退款,已完成,
TB0001209,2026-08-04 03:13:12,1613165,运动户外-商品3165,1,98.22,98.22,0,0,1002460,未退款,已完成,
TB0001210,2026-08-06 05:51:02,635490,家居日用-商品5490,1,85.73,85.73,0,0,1002478,未退款,已完成,
TB0001211,2026-08-09 17:03:20,4408468,母婴玩具-商品8468,1,109.78,109.78,0,0,1002479,未退款,已完成,
TB0001212,2026-08-08 11:24:59,3627361,服饰鞋包-商品7361,1,134.77,134.77,0,0,1002484,未退款,已完成,
TB0001213,2026-08-07 09:50:14,2244039,服饰鞋包-商品4039,1,127.74,127.74,0,0,1002494,未退款,已完成,
TB0001214,2026-08-09 03:23:30,3238416,食品生鲜-商品8416,1,62.6,62.6,0,0,1002508,未退款,已完成,
TB0001215,2026-08-12 08:04:26,1296883,美妆个护-商品6883,1,126.94,126.94,0,0,1002512,未退款,已完成,
TB0001216,2026-08-09 03:20:57,195622,家居日用-商品5622,1,156.87,156.87,0,0,1002520,未退款,已完成,
TB0001217,2026-08-11 05:52:33,3849295,服饰鞋包-商品9295,1,176.61,176.61,0,0,1002520,未退款,已完成,
TB0001218,2026-08-12 06:25:47,3915737,食品生鲜-商品5737,1,32.82,32.82,0,0,1002520,未退款,已完成,
TB0001219,2026-08-12 14:16:12,862621,美妆个护-商品2621,1,26.71,26.71,0,0,1002520,未退款,已完成,
TB0001220,2026-08-04 02:40:35,3172409,美妆个护-商品2409,1,71.85,71.85,0,0,1002526,未退款,已完成,
TB0001221,2026-08-06 06:12:04,4551045,美妆个护-商品1045,1,105.84,105.84,0,0,1002526,未退款,已完成,
TB0001221,2026-08-06 06:12:04,425789,服饰鞋包-商品5789,1,89.22,89.22,0,0,1002526,未退款,已完成,
TB0001222,2026-08-08 16:09:02,398593,母婴玩具-商品8593,1,76.12,76.12,0,0,1002526,未退款,已完成,
TB0001223,2026-08-08 16:13:20,3200672,美妆个护-商品0672,1,66.86,66.86,0,0,1002526,未退款,已完成,
TB0001224,2026-08-08 16:41:52,575727,图书文创-商品5727,1,45.41,45.41,0,0,1002526,未退款,已完成,
TB0001225,2026-08-08 16:44:32,1287188,图书文创-商品7188,1,52.61,52.61,0,0,1002526,未退款,已完成,
TB0001226,2026-08-04 11:46:03,2592918,数码家电-商品2918,1,128.0,128.0,0,0,1002534,未退款,已完成,
TB0001227,2026-08-04 13:29:57,3992710,服饰鞋包-商品2710,1,100.65,100.65,0,0,1002534,未退款,已完成,
TB0001228,2026-08-04 14:10:37,4117084,食品生鲜-商品7084,1,81.67,81.67,0,0,1002534,已退款,已退款,
TB0001229,2026-08-07 00:16:04,1892478,数码家电-商品2478,1,883.74,883.74,0,0,1002534,已退款,已退款,
TB0001230,2026-08-11 00:13:15,290531,运动户外-商品0531,1,216.02,216.02,0,0,1002542,未退款,已完成,
TB0001231,2026-08-11 08:07:07,1559287,服饰鞋包-商品9287,1,179.97,179.97,0,0,1002547,未退款,已完成,
TB0001232,2026-08-10 02:04:40,3614958,母婴玩具-商品4958,1,156.61,156.61,0,0,1002564,未退款,已完成,
TB0001233,2026-08-10 07:38:49,3523958,美妆个护-商品3958,1,42.07,42.07,0,0,1002564,未退款,已完成,
TB0001234,2026-08-06 05:05:53,325285,美妆个护-商品5285,1,248.83,248.83,0,0,1002566,未退款,已完成,
TB0001235,2026-08-06 07:38:08,16220,食品生鲜-商品6220,1,72.82,72.82,0,0,1002566,未退款,已完成,
TB0001236,2026-08-07 03:30:00,3656421,服饰鞋包-商品6421,1,137.05,137.05,0,0,1002566,未退款,已完成,
TB0001237,2026-08-09 05:44:19,3671475,美妆个护-商品1475,1,115.49,115.49,0,0,1002566,已退款,已退款,
TB0001238,2026-08-09 05:53:12,3671475,美妆个护-商品1475,1,25.11,25.11,0,0,1002566,未退款,已完成,
TB0001239,2026-08-10 02:39:07,799031,图书文创-商品9031,1,13.83,13.83,0,0,1002574,未退款,已完成,
TB0001240,2026-08-12 04:03:54,857678,家居日用-商品7678,1,42.31,42.31,0,0,1002574,未退款,已完成,
TB0001241,2026-08-04 15:09:25,4408147,数码家电-商品8147,1,103.12,103.12,0,0,1002578,未退款,已完成,
TB0001242,2026-08-11 15:48:38,2602285,美妆个护-商品2285,1,27.86,27.86,0,0,1002578,未退款,已完成,
TB0001243,2026-08-11 16:05:57,1185708,美妆个护-商品5708,1,99.2,99.2,0,0,1002578,未退款,已完成,
TB0001244,2026-08-12 08:14:00,61372,运动户外-商品1372,1,365.58,365.58,0,0,1002578,未退款,已完成,
TB0001245,2026-08-07 04:58:37,481028,食品生鲜-商品1028,1,30.33,30.33,0,0,1002587,未退款,已完成,
TB0001246,2026-08-07 15:58:45,731765,美妆个护-商品1765,1,286.55,286.55,0,0,1002587,未退款,已完成,
TB0001247,2026-08-08 09:02:09,4207354,食品生鲜-商品7354,1,40.73,40.73,0,0,1002587,未退款,已完成,
TB0001247,2026-08-08 09:02:09,407262,食品生鲜-商品7262,1,49.41,49.41,0,0,1002587,未退款,已完成,
TB0001248,2026-08-10 07:19:38,2142712,图书文创-商品2712,1,13.97,13.97,0,0,1002587,未退款,已完成,
TB0001249,2026-08-05 02:43:21,665814,家居日用-商品5814,1,44.92,44.92,0,0,1002589,未退款,已完成,
TB0001250,2026-08-05 03:54:19,2499287,食品生鲜-商品9287,1,17.91,17.91,0,0,1002589,未退款,已完成,
TB0001251,2026-08-06 05:54:35,2135665,母婴玩具-商品5665,1,68.24,68.24,0,0,1002589,未退款,已完成,
TB0001252,2026-08-09 13:27:04,2411192,服饰鞋包-商品1192,1,194.8,194.8,0,0,1002589,未退款,已完成,
TB0001253,2026-08-09 13:38:24,126664,母婴玩具-商品6664,1,104.96,104.96,0,0,1002589,未退款,已完成,
TB0001254,2026-08-11 06:52:17,1857391,运动户外-商品7391,1,178.23,178.23,0,0,1002589,未退款,已完成,
TB0001255,2026-08-11 07:02:06,2507978,母婴玩具-商品7978,1,182.37,182.37,0,0,1002589,未退款,已完成,
TB0001256,2026-08-11 07:54:25,2884281,美妆个护-商品4281,1,138.55,138.55,0,0,1002589,未退款,已完成,
TB0001257,2026-08-12 02:15:59,4643047,美妆个护-商品3047,1,100.85,100.85,0,0,1002591,未退款,已完成,
TB0001258,2026-08-06 15:58:55,4401268,母婴玩具-商品1268,1,91.68,91.68,0,0,1002593,未退款,已完成,
TB0001259,2026-08-11 13:05:30,2937875,母婴玩具-商品7875,1,191.11,191.11,0,0,1002597,未退款,已完成,
TB0001260,2026-08-11 13:35:37,2937875,母婴玩具-商品7875,1,169.66,169.66,0,0,1002597,未退款,已完成,
TB0001261,2026-08-06 12:41:10,3331681,食品生鲜-商品1681,1,93.51,93.51,0,0,1002618,未退款,已完成,
TB0001262,2026-08-10 00:07:18,2795276,图书文创-商品5276,1,14.34,14.34,0,0,1002618,未退款,已完成,
TB0001263,2026-08-10 03:02:42,1413966,数码家电-商品3966,1,594.53,594.53,0,0,1002618,未退款,已完成,
TB0001264,2026-08-12 03:16:26,478262,运动户外-商品8262,1,318.96,318.96,0,0,1002618,未退款,已完成,
TB0001265,2026-08-12 05:40:16,1197670,美妆个护-商品7670,1,141.17,141.17,0,0,1002618,未退款,已完成,
TB0001266,2026-08-12 11:25:37,3513254,图书文创-商品3254,1,62.7,62.7,0,0,1002618,未退款,已完成,
TB0001267,2026-08-12 12:53:32,1742428,图书文创-商品2428,1,65.87,65.87,0,0,1002618,未退款,已完成,
TB0001268,2026-08-06 02:57:03,5114792,运动户外-商品4792,1,239.33,239.33,0,0,1002637,未退款,已完成,
TB0001268,2026-08-06 02:57:03,642571,运动户外-商品2571,1,65.6,65.6,0,0,1002637,未退款,已完成,
TB0001269,2026-08-09 04:14:23,642571,运动户外-商品2571,1,195.52,195.52,0,0,1002637,未退款,已完成,
TB0001269,2026-08-09 04:14:23,2224702,食品生鲜-商品4702,1,9.6,9.6,0,0,1002637,未退款,已完成,
TB0001270,2026-08-11 03:40:52,1501055,运动户外-商品1055,1,272.57,272.57,0,0,1002637,未退款,已完成,
TB0001270,2026-08-11 03:40:52,4953571,运动户外-商品3571,1,371.28,371.28,0,0,1002637,未退款,已完成,
TB0001271,2026-08-11 04:06:15,4342735,服饰鞋包-商品2735,1,126.06,126.06,0,0,1002637,未退款,已完成,
TB0001272,2026-08-12 00:21:53,447253,食品生鲜-商品7253,1,19.36,19.36,0,0,1002642,未退款,已完成,
TB0001273,2026-08-11 14:03:38,279290,图书文创-商品9290,1,33.21,33.21,0,0,1002661,未退款,已完成,
TB0001274,2026-08-04 15:19:20,5076554,数码家电-商品6554,1,860.03,860.03,0,0,1002672,未退款,已完成,
TB0001275,2026-08-07 05:52:52,4168223,食品生鲜-商品8223,1,25.85,25.85,0,0,1002672,未退款,已完成,
TB0001276,2026-08-11 02:33:01,4875562,家居日用-商品5562,1,145.28,145.28,0,0,1002672,未退款,已完成,
TB0001277,2026-08-11 05:25:05,2458708,母婴玩具-商品8708,1,88.39,88.39,0,0,1002684,已退款,已退款,
TB0001278,2026-08-12 02:19:21,5119513,服饰鞋包-商品9513,1,153.18,153.18,0,0,1002684,未退款,已完成,
TB0001279,2026-08-05 02:17:41,518000,数码家电-商品8000,1,393.38,393.38,0,0,1002685,未退款,已完成,
TB0001280,2026-08-06 14:47:54,3684640,运动户外-商品4640,1,360.05,360.05,0,0,1002685,未退款,已完成,
TB0001281,2026-08-10 01:26:01,3298914,数码家电-商品8914,1,85.69,85.69,0,0,1002685,未退款,已完成,
TB0001282,2026-08-10 12:33:30,2627132,图书文创-商品7132,1,40.6,40.6,0,0,1002685,未退款,已完成,
TB0001283,2026-08-07 09:34:42,1120441,母婴玩具-商品0441,1,189.41,189.41,0,0,1002696,未退款,已完成,
TB0001284,2026-08-11 01:52:03,1878853,数码家电-商品8853,1,578.97,578.97,0,0,1002696,未退款,已完成,
TB0001285,2026-08-04 04:32:06,3176648,家居日用-商品6648,1,70.62,70.62,0,0,1002705,未退款,已完成,
TB0001286,2026-08-05 14:46:07,1979578,母婴玩具-商品9578,1,41.84,41.84,0,0,1002705,未退款,已完成,
TB0001286,2026-08-05 14:46:07,3622651,家居日用-商品2651,1,142.43,142.43,0,0,1002705,未退款,已完成,
TB0001286,2026-08-05 14:46:07,1467006,服饰鞋包-商品7006,1,111.32,111.32,0,0,1002705,未退款,已完成,
TB0001287,2026-08-05 20:04:19,635274,数码家电-商品5274,1,313.46,313.46,0,0,1002705,未退款,已完成,
TB0001287,2026-08-05 20:04:19,68679,美妆个护-商品8679,1,102.76,102.76,0,0,1002705,未退款,已完成,
TB0001287,2026-08-05 20:04:19,2678072,食品生鲜-商品8072,1,86.64,86.64,0,0,1002705,未退款,已完成,
TB0001288,2026-08-07 03:26:50,2678671,图书文创-商品8671,1,37.06,37.06,0,0,1002714,未退款,已完成,
TB0001289,2026-08-07 09:59:55,154219,食品生鲜-商品4219,1,38.8,38.8,0,0,1002714,未退款,已完成,
TB0001290,2026-08-10 22:41:15,1885123,服饰鞋包-商品5123,1,91.1,91.1,0,0,1002714,未退款,已完成,
TB0001291,2026-08-07 15:50:31,5090781,母婴玩具-商品0781,1,133.23,133.23,0,0,1002725,未退款,已完成,
TB0001292,2026-08-07 15:52:37,3823599,食品生鲜-商品3599,1,34.03,34.03,0,0,1002725,未退款,已完成,
TB0001293,2026-08-10 08:50:10,3632169,图书文创-商品2169,1,55.37,55.37,0,0,1002756,未退款,已完成,
TB0001294,2026-08-12 12:59:07,4219087,母婴玩具-商品9087,1,150.89,150.89,0,0,1002756,已退款,已退款,
TB0001295,2026-08-05 02:29:51,2297379,服饰鞋包-商品7379,1,51.46,51.46,0,0,1002763,未退款,已完成,
TB0001296,2026-08-05 06:20:22,2516193,食品生鲜-商品6193,1,15.79,15.79,0,0,1002763,未退款,已完成,
TB0001297,2026-08-05 13:41:35,2626336,家居日用-商品6336,1,17.07,17.07,0,0,1002763,未退款,已完成,
TB0001298,2026-08-08 14:12:40,3663083,服饰鞋包-商品3083,1,161.02,161.02,0,0,1002763,未退款,已完成,
TB0001299,2026-08-10 11:07:10,1665313,母婴玩具-商品5313,1,92.46,92.46,0,0,1002763,未退款,已完成,
TB0001299,2026-08-10 11:07:10,582362,母婴玩具-商品2362,1,181.59,181.59,0,0,1002763,未退款,已完成,
TB0001300,2026-08-10 11:22:11,4654246,服饰鞋包-商品4246,1,99.56,99.56,0,0,1002763,未退款,已完成,
TB0001300,2026-08-10 11:22:11,2425997,数码家电-商品5997,1,478.73,478.73,0,0,1002763,未退款,已完成,
TB0001300,2026-08-10 11:22:11,1603926,数码家电-商品3926,1,140.35,140.35,0,0,1002763,未退款,已完成,
TB0001300,2026-08-10 11:22:11,4043331,服饰鞋包-商品3331,1,172.26,172.26,0,0,1002763,未退款,已完成,
TB0001301,2026-08-10 11:24:54,3748903,母婴玩具-商品8903,1,189.82,189.82,0,0,1002763,未退款,已完成,
TB0001302,2026-08-10 11:28:18,3131889,母婴玩具-商品1889,1,180.22,180.22,0,0,1002763,未退款,已完成,
TB0001303,2026-08-09 05:16:46,2414480,食品生鲜-商品4480,1,96.86,96.86,0,0,1002766,未退款,已完成,
TB0001304,2026-08-12 13:20:19,540788,运动户外-商品0788,1,373.88,373.88,0,0,1002767,未退款,已完成,
TB0001305,2026-08-12 09:44:42,2884006,运动户外-商品4006,1,170.31,170.31,0,0,1002771,未退款,已完成,
TB0001306,2026-08-11 10:53:05,3545632,服饰鞋包-商品5632,1,68.93,68.93,0,0,1002793,未退款,已完成,
TB0001307,2026-08-10 11:50:47,1080768,食品生鲜-商品0768,1,43.92,43.92,0,0,1002831,未退款,已完成,
TB0001308,2026-08-12 14:43:30,46884,母婴玩具-商品6884,1,193.45,193.45,0,0,1002831,未退款,已完成,
TB0001309,2026-08-09 13:41:32,2980599,数码家电-商品0599,1,712.96,712.96,0,0,1002846,未退款,已完成,
TB0001310,2026-08-09 02:55:03,5012783,美妆个护-商品2783,1,70.34,70.34,0,0,1002847,未退款,已完成,
TB0001311,2026-08-09 03:37:30,659684,服饰鞋包-商品9684,1,79.86,79.86,0,0,1002847,未退款,已完成,
TB0001312,2026-08-11 06:42:23,5132983,美妆个护-商品2983,1,175.51,175.51,0,0,1002847,未退款,已完成,
TB0001313,2026-08-06 10:34:06,1496876,服饰鞋包-商品6876,1,135.25,135.25,0,0,1002862,未退款,已完成,
TB0001314,2026-08-12 05:54:00,758968,服饰鞋包-商品8968,1,134.94,134.94,0,0,1002862,未退款,已完成,
TB0001315,2026-08-10 06:56:45,4917379,母婴玩具-商品7379,1,118.18,118.18,0,0,1002878,未退款,已完成,
TB0001316,2026-08-11 04:41:16,523787,运动户外-商品3787,1,116.36,116.36,0,0,1002878,未退款,已完成,
TB0001317,2026-08-12 13:02:51,5090313,家居日用-商品0313,1,53.74,53.74,0,0,1002878,未退款,已完成,
TB0001318,2026-08-05 03:05:53,1684440,美妆个护-商品4440,1,209.85,209.85,0,0,1002886,未退款,已完成,
TB0001319,2026-08-05 03:29:21,4017221,服饰鞋包-商品7221,1,118.85,118.85,0,0,1002886,未退款,已完成,
TB0001320,2026-08-06 05:06:50,1642707,数码家电-商品2707,1,364.96,364.96,0,0,1002886,未退款,已完成,
TB0001321,2026-08-07 00:50:06,11517,美妆个护-商品1517,1,186.53,186.53,0,0,1002886,未退款,已完成,
TB0001322,2026-08-07 06:57:23,1147995,图书文创-商品7995,1,63.42,63.42,0,0,1002886,未退款,已完成,
TB0001323,2026-08-08 01:41:52,284882,母婴玩具-商品4882,1,90.76,90.76,0,0,1002886,未退款,已完成,
TB0001323,2026-08-08 01:41:52,2865381,母婴玩具-商品5381,1,132.59,132.59,0,0,1002886,未退款,已完成,
TB0001324,2026-08-12 08:00:51,4160327,服饰鞋包-商品0327,1,109.64,109.64,0,0,1002890,未退款,已完成,
TB0001325,2026-08-05 02:27:12,475913,图书文创-商品5913,1,15.37,15.37,0,0,1002909,未退款,已完成,
TB0001326,2026-08-05 07:30:59,206508,服饰鞋包-商品6508,1,51.94,51.94,0,0,1002909,未退款,已完成,
TB0001327,2026-08-06 03:39:05,3846692,美妆个护-商品6692,1,117.93,117.93,0,0,1002909,未退款,已完成,
TB0001328,2026-08-11 04:18:53,3645147,母婴玩具-商品5147,1,62.8,62.8,0,0,1002909,未退款,已完成,
TB0001329,2026-08-11 11:42:11,4435573,服饰鞋包-商品5573,1,78.91,78.91,0,0,1002909,未退款,已完成,
TB0001330,2026-08-12 12:11:51,2898217,母婴玩具-商品8217,1,81.43,81.43,0,0,1002909,已退款,已退款,
TB0001331,2026-08-04 04:28:51,4323721,家居日用-商品3721,1,75.83,75.83,0,0,1002927,未退款,已完成,
TB0001332,2026-08-05 03:34:51,35375,图书文创-商品5375,1,29.31,29.31,0,0,1002927,已退款,已退款,
TB0001333,2026-08-08 06:23:23,1762506,食品生鲜-商品2506,1,96.71,96.71,0,0,1002927,未退款,已完成,
TB0001334,2026-08-08 11:20:39,4221248,家居日用-商品1248,1,155.68,155.68,0,0,1002927,未退款,已完成,
TB0001335,2026-08-10 09:45:58,4696239,数码家电-商品6239,1,290.9,290.9,0,0,1002927,未退款,已完成,
TB0001336,2026-08-05 15:36:14,2658544,家居日用-商品8544,1,153.87,153.87,0,0,1002928,未退款,已完成,
TB0001337,2026-08-05 15:40:17,2942799,家居日用-商品2799,1,15.05,15.05,0,0,1002928,未退款,已完成,
TB0001338,2026-08-08 00:06:50,4336634,家居日用-商品6634,1,16.93,16.93,0,0,1002928,未退款,已完成,
TB0001339,2026-08-09 14:24:08,4638846,母婴玩具-商品8846,1,154.07,154.07,0,0,1002928,未退款,已完成,
TB0001340,2026-08-10 10:46:34,1810420,运动户外-商品0420,1,373.89,373.89,0,0,1002928,已退款,已退款,
TB0001341,2026-08-11 04:49:39,1920744,服饰鞋包-商品0744,1,148.21,148.21,0,0,1002931,未退款,已完成,
TB0001342,2026-08-11 14:50:32,2525752,图书文创-商品5752,1,22.54,22.54,0,0,1002931,未退款,已完成,
TB0001343,2026-08-07 13:08:31,754608,家居日用-商品4608,1,94.57,94.57,0,0,1002934,未退款,已完成,
TB0001344,2026-08-08 16:02:05,1450416,美妆个护-商品0416,1,219.09,219.09,0,0,1002934,未退款,已完成,
TB0001345,2026-08-09 02:15:07,2287732,图书文创-商品7732,1,27.73,27.73,0,0,1002934,未退款,已完成,
TB0001346,2026-08-12 12:47:27,4458366,服饰鞋包-商品8366,1,197.1,197.1,0,0,1002934,未退款,已完成,
TB0001347,2026-08-09 06:36:52,18930,服饰鞋包-商品8930,1,188.23,188.23,0,0,1002940,未退款,已完成,
TB0001347,2026-08-09 06:36:52,2806779,服饰鞋包-商品6779,1,73.09,73.09,0,0,1002940,未退款,已完成,
TB0001347,2026-08-09 06:36:52,206798,服饰鞋包-商品6798,1,138.25,138.25,0,0,1002940,未退款,已完成,
TB0001347,2026-08-09 06:36:52,1260634,服饰鞋包-商品0634,1,152.93,152.93,0,0,1002940,未退款,已完成,
TB0001348,2026-08-09 22:22:16,3822721,美妆个护-商品2721,1,136.44,136.44,0,0,1002943,未退款,已完成,
TB0001349,2026-08-11 12:16:51,3274803,运动户外-商品4803,1,252.07,252.07,0,0,1002943,未退款,已完成,
TB0001350,2026-08-10 08:21:23,1848520,数码家电-商品8520,1,253.54,253.54,0,0,1002970,未退款,已完成,
TB0001351,2026-08-10 08:22:27,3718221,服饰鞋包-商品8221,1,188.58,188.58,0,0,1002970,未退款,已完成,
TB0001352,2026-08-10 09:20:02,3108279,图书文创-商品8279,1,21.83,21.83,0,0,1002970,未退款,已完成,
TB0001353,2026-08-12 03:51:13,4203288,服饰鞋包-商品3288,1,70.86,70.86,0,0,1002970,已退款,已退款,
TB0001353,2026-08-12 03:51:13,4638137,服饰鞋包-商品8137,1,100.22,100.22,0,0,1002970,已退款,已退款,
TB0001353,2026-08-12 03:51:13,163811,服饰鞋包-商品3811,1,197.87,197.87,0,0,1002970,已退款,已退款,
TB0001354,2026-08-10 08:10:10,3204882,美妆个护-商品4882,1,220.63,220.63,0,0,1002975,未退款,已完成,
TB0001355,2026-08-04 07:56:24,183683,母婴玩具-商品3683,1,62.66,62.66,0,0,1002980,未退款,已完成,
TB0001356,2026-08-04 15:47:03,1399650,美妆个护-商品9650,1,65.24,65.24,0,0,1002992,未退款,已完成,
TB0001357,2026-08-11 03:50:26,4073586,图书文创-商品3586,1,60.67,60.67,0,0,1002992,未退款,已完成,
TB0001358,2026-08-04 15:42:28,2266124,母婴玩具-商品6124,1,125.84,125.84,0,0,1002996,未退款,已完成,
TB0001359,2026-08-04 04:01:31,1218111,数码家电-商品8111,1,386.85,386.85,0,0,1003022,未退款,已完成,
TB0001360,2026-08-05 00:49:19,4858623,服饰鞋包-商品8623,1,99.49,99.49,0,0,1003022,未退款,已完成,
TB0001361,2026-08-05 08:14:20,1314310,母婴玩具-商品4310,1,179.69,179.69,0,0,1003022,未退款,已完成,
TB0001362,2026-08-09 16:01:23,4481260,母婴玩具-商品1260,1,35.2,35.2,0,0,1003022,未退款,已完成,
TB0001363,2026-08-10 03:14:50,547115,美妆个护-商品7115,1,297.6,297.6,0,0,1003022,未退款,已完成,
TB0001364,2026-08-11 11:02:24,4550027,数码家电-商品0027,1,861.59,861.59,0,0,1003022,未退款,已完成,
TB0001365,2026-08-12 02:18:11,4219087,母婴玩具-商品9087,1,63.79,63.79,0,0,1003022,未退款,已完成,
TB0001366,2026-08-12 14:34:21,3951462,母婴玩具-商品1462,1,97.59,97.59,0,0,1003022,未退款,已完成,
TB0001367,2026-08-06 03:19:14,4106234,食品生鲜-商品6234,1,12.13,12.13,0,0,1003027,未退款,已完成,
TB0001368,2026-08-09 23:21:41,4761899,数码家电-商品1899,1,852.18,852.18,0,0,1003027,未退款,已完成,
TB0001369,2026-08-10 11:53:49,3693893,美妆个护-商品3893,1,23.12,23.12,0,0,1003027,未退款,已完成,
TB0001370,2026-08-12 14:07:36,1258071,美妆个护-商品8071,1,189.86,189.86,0,0,1003027,未退款,已完成,
TB0001371,2026-08-07 23:40:23,3056809,美妆个护-商品6809,1,137.82,137.82,0,0,1003041,未退款,已完成,
TB0001372,2026-08-07 23:59:26,3056809,美妆个护-商品6809,1,211.85,211.85,0,0,1003041,未退款,已完成,
TB0001373,2026-08-08 13:10:05,1481208,美妆个护-商品1208,1,282.09,282.09,0,0,1003041,未退款,已完成,
TB0001374,2026-08-12 09:16:11,1481208,美妆个护-商品1208,1,108.29,108.29,0,0,1003041,未退款,已完成,
TB0001375,2026-08-05 12:50:48,4408704,美妆个护-商品8704,1,69.6,69.6,0,0,1003044,未退款,已完成,
TB0001376,2026-08-06 13:06:02,1709568,美妆个护-商品9568,1,163.73,163.73,0,0,1003044,未退款,已完成,
TB0001377,2026-08-08 14:27:43,1108920,母婴玩具-商品8920,1,132.7,132.7,0,0,1003044,未退款,已完成,
TB0001378,2026-08-06 01:20:04,2893412,家居日用-商品3412,1,95.5,95.5,0,0,1003047,未退款,已完成,
TB0001379,2026-08-08 03:14:58,2893412,家居日用-商品3412,1,152.85,152.85,0,0,1003047,未退款,已完成,
TB0001380,2026-08-11 00:29:42,3126312,食品生鲜-商品6312,1,72.73,72.73,0,0,1003052,未退款,已完成,
TB0001381,2026-08-11 08:45:56,2543947,食品生鲜-商品3947,1,27.19,27.19,0,0,1003057,未退款,已完成,
TB0001382,2026-08-06 19:54:28,1619728,食品生鲜-商品9728,1,62.83,62.83,0,0,1003063,未退款,已完成,
TB0001383,2026-08-11 13:19:36,1148728,母婴玩具-商品8728,1,175.43,175.43,0,0,1003063,未退款,已完成,
TB0001384,2026-08-09 05:26:46,1912149,服饰鞋包-商品2149,1,142.76,142.76,0,0,1003065,未退款,已完成,
TB0001385,2026-08-09 10:30:32,3084559,数码家电-商品4559,1,78.28,78.28,0,0,1003065,未退款,已完成,
TB0001386,2026-08-09 10:32:47,4903917,食品生鲜-商品3917,1,27.53,27.53,0,0,1003065,未退款,已完成,
TB0001387,2026-08-09 13:56:25,238174,母婴玩具-商品8174,1,146.78,146.78,0,0,1003065,未退款,已完成,
TB0001388,2026-08-10 14:17:20,872479,食品生鲜-商品2479,1,14.88,14.88,0,0,1003065,未退款,已完成,
TB0001389,2026-08-10 11:39:55,3588474,服饰鞋包-商品8474,1,179.48,179.48,0,0,1003071,未退款,已完成,
TB0001390,2026-08-12 04:28:13,3986057,母婴玩具-商品6057,1,103.46,103.46,0,0,1003073,未退款,已完成,
TB0001391,2026-08-05 03:01:42,755419,运动户外-商品5419,1,181.1,181.1,0,0,1003076,未退款,已完成,
TB0001392,2026-08-08 00:45:55,1308275,图书文创-商品8275,1,17.5,17.5,0,0,1003076,未退款,已完成,
TB0001393,2026-08-10 00:38:15,739363,美妆个护-商品9363,1,148.56,148.56,0,0,1003076,未退款,已完成,
TB0001394,2026-08-09 02:00:22,4370251,食品生鲜-商品0251,1,32.58,32.58,0,0,1003093,未退款,已完成,
TB0001395,2026-08-06 12:23:14,1857488,美妆个护-商品7488,1,290.79,290.79,0,0,1003095,未退款,已完成,
TB0001396,2026-08-06 12:26:13,1245731,母婴玩具-商品5731,1,92.88,92.88,0,0,1003095,未退款,已完成,
TB0001397,2026-08-06 22:56:13,1474385,运动户外-商品4385,1,359.31,359.31,0,0,1003095,未退款,已完成,
TB0001398,2026-08-07 11:57:18,917748,食品生鲜-商品7748,1,28.01,28.01,0,0,1003095,已退款,已退款,
TB0001399,2026-08-05 08:50:59,4788671,家居日用-商品8671,1,115.33,115.33,0,0,1003110,未退款,已完成,
TB0001400,2026-08-06 12:43:52,1961938,美妆个护-商品1938,1,67.54,67.54,0,0,1003110,未退款,已完成,
TB0001401,2026-08-06 09:10:21,79381,家居日用-商品9381,1,146.84,146.84,0,0,1003122,未退款,已完成,
TB0001402,2026-08-12 10:55:47,4827954,图书文创-商品7954,1,20.08,20.08,0,0,1003123,未退款,已完成,
TB0001403,2026-08-04 14:41:16,2212792,美妆个护-商品2792,1,54.62,54.62,0,0,1003124,未退款,已完成,
TB0001404,2026-08-05 12:48:19,2246997,服饰鞋包-商品6997,1,183.25,183.25,0,0,1003131,未退款,已完成,
TB0001405,2026-08-06 01:54:33,3243769,服饰鞋包-商品3769,1,34.96,34.96,0,0,1003131,未退款,已完成,
TB0001406,2026-08-06 13:06:02,1413117,美妆个护-商品3117,1,156.5,156.5,0,0,1003131,未退款,已完成,
TB0001407,2026-08-09 08:52:42,4276234,服饰鞋包-商品6234,1,106.85,106.85,0,0,1003131,未退款,已完成,
TB0001408,2026-08-11 06:30:27,3313788,数码家电-商品3788,1,803.38,803.38,0,0,1003131,未退款,已完成,
TB0001409,2026-08-04 05:10:07,2322012,数码家电-商品2012,1,758.53,758.53,0,0,1003152,未退款,已完成,
TB0001410,2026-08-07 12:32:18,3823587,运动户外-商品3587,1,145.53,145.53,0,0,1003152,未退款,已完成,
TB0001411,2026-08-09 13:57:51,4527089,美妆个护-商品7089,1,298.13,298.13,0,0,1003157,未退款,已完成,
TB0001412,2026-08-09 14:11:00,4527089,美妆个护-商品7089,1,161.24,161.24,0,0,1003157,未退款,已完成,
TB0001413,2026-08-05 12:25:21,675125,食品生鲜-商品5125,1,60.8,60.8,0,0,1003163,未退款,已完成,
TB0001414,2026-08-05 12:35:19,2369855,食品生鲜-商品9855,1,80.99,80.99,0,0,1003163,未退款,已完成,
TB0001414,2026-08-05 12:35:19,1358807,图书文创-商品8807,1,62.4,62.4,0,0,1003163,未退款,已完成,
TB0001414,2026-08-05 12:35:19,661967,服饰鞋包-商品1967,1,195.89,195.89,0,0,1003163,未退款,已完成,
TB0001415,2026-08-06 04:55:35,4113589,数码家电-商品3589,1,625.88,625.88,0,0,1003163,未退款,已完成,
TB0001416,2026-08-10 13:43:28,3320765,数码家电-商品0765,1,538.94,538.94,0,0,1003171,未退款,已完成,
TB0001417,2026-08-11 17:50:41,1132251,运动户外-商品2251,1,71.91,71.91,0,0,1003171,未退款,已完成,
TB0001418,2026-08-05 06:04:20,3944567,服饰鞋包-商品4567,1,172.59,172.59,0,0,1003176,未退款,已完成,
TB0001419,2026-08-11 09:09:53,927036,家居日用-商品7036,1,102.4,102.4,0,0,1003176,未退款,已完成,
TB0001420,2026-08-06 13:09:16,1123116,美妆个护-商品3116,1,245.01,245.01,0,0,1003177,未退款,已完成,
TB0001421,2026-08-07 09:41:52,335403,美妆个护-商品5403,1,63.98,63.98,0,0,1003177,未退款,已完成,
TB0001422,2026-08-07 10:08:11,4277949,美妆个护-商品7949,1,126.67,126.67,0,0,1003177,未退款,已完成,
TB0001423,2026-08-07 13:33:12,2561205,家居日用-商品1205,1,67.26,67.26,0,0,1003177,未退款,已完成,
TB0001424,2026-08-08 14:35:38,4626973,母婴玩具-商品6973,1,42.51,42.51,0,0,1003177,未退款,已完成,
TB0001425,2026-08-09 12:43:22,2134404,数码家电-商品4404,1,509.85,509.85,0,0,1003177,未退款,已完成,
TB0001426,2026-08-05 16:05:10,3078577,食品生鲜-商品8577,1,46.47,46.47,0,0,1003183,未退款,已完成,
TB0001427,2026-08-05 16:09:36,4722513,服饰鞋包-商品2513,1,69.68,69.68,0,0,1003183,未退款,已完成,
TB0001428,2026-08-12 02:34:35,645460,数码家电-商品5460,1,290.99,290.99,0,0,1003183,未退款,已完成,
TB0001428,2026-08-12 02:34:35,4998765,数码家电-商品8765,1,368.15,368.15,0,0,1003183,未退款,已完成,
TB0001429,2026-08-08 05:03:40,4147572,食品生鲜-商品7572,1,85.07,85.07,0,0,1003184,未退款,已完成,
TB0001430,2026-08-08 08:23:48,2252459,服饰鞋包-商品2459,1,191.3,191.3,0,0,1003184,未退款,已完成,
TB0001431,2026-08-11 14:03:04,372727,服饰鞋包-商品2727,1,197.82,197.82,0,0,1003190,已退款,已退款,
TB0001432,2026-08-07 02:56:31,2979334,食品生鲜-商品9334,1,48.69,48.69,0,0,1003191,未退款,已完成,
TB0001433,2026-08-08 03:00:29,4835738,数码家电-商品5738,1,593.77,593.77,0,0,1003191,未退款,已完成,
TB0001434,2026-08-09 07:34:22,3794565,服饰鞋包-商品4565,1,145.92,145.92,0,0,1003191,未退款,已完成,
TB0001435,2026-08-10 00:53:27,2996051,数码家电-商品6051,1,751.5,751.5,0,0,1003191,未退款,已完成,
TB0001436,2026-08-10 00:58:27,4158852,美妆个护-商品8852,1,226.87,226.87,0,0,1003191,未退款,已完成,
TB0001437,2026-08-10 09:25:36,4456317,母婴玩具-商品6317,1,24.84,24.84,0,0,1003191,已退款,已退款,
TB0001438,2026-08-04 22:57:50,4032051,服饰鞋包-商品2051,1,139.88,139.88,0,0,1003199,未退款,已完成,
TB0001439,2026-08-05 02:07:03,1803310,家居日用-商品3310,1,59.49,59.49,0,0,1003200,未退款,已完成,
TB0001440,2026-08-05 12:11:55,3570887,美妆个护-商品0887,1,262.03,262.03,0,0,1003200,未退款,已完成,
TB0001441,2026-08-06 01:42:46,959199,母婴玩具-商品9199,1,33.45,33.45,0,0,1003200,未退款,已完成,
TB0001442,2026-08-09 15:10:18,255734,服饰鞋包-商品5734,1,146.61,146.61,0,0,1003200,已退款,已退款,
TB0001443,2026-08-12 06:38:36,1803310,家居日用-商品3310,1,73.15,73.15,0,0,1003200,未退款,已完成,
TB0001444,2026-08-04 06:22:21,1262519,数码家电-商品2519,1,602.62,602.62,0,0,1003221,未退款,已完成,
TB0001445,2026-08-10 02:36:17,4577393,母婴玩具-商品7393,1,22.35,22.35,0,0,1003226,未退款,已完成,
TB0001446,2026-08-09 04:20:22,3674301,食品生鲜-商品4301,1,33.01,33.01,0,0,1003227,未退款,已完成,
TB0001447,2026-08-09 11:09:07,3148234,美妆个护-商品8234,1,52.49,52.49,0,0,1003230,未退款,已完成,
TB0001448,2026-08-07 00:29:13,1073622,美妆个护-商品3622,1,211.78,211.78,0,0,1003239,未退款,已完成,
TB0001449,2026-08-11 07:50:35,2363945,美妆个护-商品3945,1,54.42,54.42,0,0,1003239,未退款,已完成,
TB0001450,2026-08-12 08:04:18,2891949,食品生鲜-商品1949,1,41.7,41.7,0,0,1003239,未退款,已完成,
TB0001451,2026-08-12 06:59:28,4367195,母婴玩具-商品7195,1,92.02,92.02,0,0,1003249,未退款,已完成,
TB0001452,2026-08-12 07:11:06,4172446,家居日用-商品2446,1,153.57,153.57,0,0,1003249,未退款,已完成,
TB0001453,2026-08-12 07:27:44,559663,服饰鞋包-商品9663,1,140.91,140.91,0,0,1003249,未退款,已完成,
TB0001453,2026-08-12 07:27:44,3022799,图书文创-商品2799,1,14.58,14.58,0,0,1003249,未退款,已完成,
TB0001453,2026-08-12 07:27:44,5081528,母婴玩具-商品1528,1,129.27,129.27,0,0,1003249,未退款,已完成,
TB0001453,2026-08-12 07:27:44,532145,母婴玩具-商品2145,1,159.91,159.91,0,0,1003249,未退款,已完成,
TB0001454,2026-08-12 10:15:37,3264019,运动户外-商品4019,1,220.6,220.6,0,0,1003250,未退款,已完成,
TB0001455,2026-08-12 04:39:13,5050090,运动户外-商品0090,1,279.67,279.67,0,0,1003264,未退款,已完成,
TB0001455,2026-08-12 04:39:13,422516,运动户外-商品2516,1,174.98,174.98,0,0,1003264,未退款,已完成,
TB0001456,2026-08-12 08:13:08,3403515,服饰鞋包-商品3515,1,160.31,160.31,0,0,1003264,未退款,已完成,
TB0001457,2026-08-04 04:59:28,1239409,母婴玩具-商品9409,1,191.38,191.38,0,0,1003273,未退款,已完成,
TB0001458,2026-08-07 13:41:37,482844,服饰鞋包-商品2844,1,149.88,149.88,0,0,1003273,未退款,已完成,
TB0001459,2026-08-07 13:47:06,531962,运动户外-商品1962,1,74.4,74.4,0,0,1003273,已退款,已退款,
TB0001460,2026-08-12 04:37:58,2005808,运动户外-商品5808,1,111.08,111.08,0,0,1003273,未退款,已完成,
TB0001461,2026-08-07 14:58:38,3531339,食品生鲜-商品1339,1,39.4,39.4,0,0,1003274,未退款,已完成,
TB0001462,2026-08-07 12:24:38,821287,美妆个护-商品1287,1,255.8,255.8,0,0,1003281,未退款,已完成,
TB0001463,2026-08-10 02:39:36,105416,数码家电-商品5416,1,314.93,314.93,0,0,1003283,未退款,已完成,
TB0001464,2026-08-11 15:45:26,4308503,家居日用-商品8503,1,17.25,17.25,0,0,1003292,未退款,已完成,
TB0001465,2026-08-05 03:44:42,3057515,母婴玩具-商品7515,1,52.85,52.85,0,0,1003293,未退款,已完成,
TB0001466,2026-08-04 05:02:00,1315383,服饰鞋包-商品5383,1,153.43,153.43,0,0,1003296,未退款,已完成,
TB0001467,2026-08-11 09:12:28,3513748,美妆个护-商品3748,1,186.25,186.25,0,0,1003296,未退款,已完成,
TB0001468,2026-08-04 14:23:51,3983507,运动户外-商品3507,1,310.58,310.58,0,0,1003298,未退款,已完成,
TB0001469,2026-08-05 22:04:18,4688729,图书文创-商品8729,1,56.72,56.72,0,0,1003306,未退款,已完成,
TB0001470,2026-08-10 05:23:51,4953632,运动户外-商品3632,1,145.94,145.94,0,0,1003319,未退款,已完成,
TB0001471,2026-08-10 10:39:14,3294739,美妆个护-商品4739,1,221.37,221.37,0,0,1003319,未退款,已完成,
TB0001472,2026-08-10 15:38:19,1830275,运动户外-商品0275,1,172.41,172.41,0,0,1003319,未退款,已完成,
TB0001473,2026-08-08 16:01:06,5005784,服饰鞋包-商品5784,1,102.56,102.56,0,0,1003321,未退款,已完成,
TB0001473,2026-08-08 16:01:06,3306427,数码家电-商品6427,1,241.97,241.97,0,0,1003321,未退款,已完成,
TB0001473,2026-08-08 16:01:06,2261977,服饰鞋包-商品1977,1,60.49,60.49,0,0,1003321,未退款,已完成,
TB0001474,2026-08-08 16:12:05,4089774,图书文创-商品9774,1,23.56,23.56,0,0,1003321,未退款,已完成,
TB0001475,2026-08-10 07:40:43,1441152,运动户外-商品1152,1,161.31,161.31,0,0,1003321,未退款,已完成,
TB0001476,2026-08-11 16:40:01,1699343,美妆个护-商品9343,1,202.81,202.81,0,0,1003321,未退款,已完成,
TB0001477,2026-08-10 10:28:06,2654055,母婴玩具-商品4055,1,91.21,91.21,0,0,1003326,未退款,已完成,
TB0001478,2026-08-05 13:05:21,3021322,食品生鲜-商品1322,1,47.83,47.83,0,0,1003329,未退款,已完成,
TB0001479,2026-08-06 12:40:34,546722,美妆个护-商品6722,1,278.04,278.04,0,0,1003329,未退款,已完成,
TB0001480,2026-08-11 02:59:51,1602647,家居日用-商品2647,1,134.48,134.48,0,0,1003332,未退款,已完成,
TB0001480,2026-08-11 02:59:51,1102872,家居日用-商品2872,1,136.86,136.86,0,0,1003332,未退款,已完成,
TB0001481,2026-08-11 03:45:46,732202,数码家电-商品2202,1,273.34,273.34,0,0,1003332,未退款,已完成,
TB0001482,2026-08-09 04:09:34,87212,图书文创-商品7212,1,14.68,14.68,0,0,1003341,未退款,已完成,
TB0001483,2026-08-09 10:05:20,350877,图书文创-商品0877,1,21.95,21.95,0,0,1003341,未退款,已完成,
TB0001484,2026-08-10 17:28:18,3804777,图书文创-商品4777,1,51.51,51.51,0,0,1003341,未退款,已完成,
TB0001485,2026-08-06 08:44:19,4625504,数码家电-商品5504,1,509.23,509.23,0,0,1003343,未退款,已完成,
TB0001485,2026-08-06 08:44:19,5067173,美妆个护-商品7173,1,284.19,284.19,0,0,1003343,未退款,已完成,
TB0001486,2026-08-06 10:33:13,2983410,家居日用-商品3410,1,92.99,92.99,0,0,1003343,未退款,已完成,
TB0001487,2026-08-12 12:53:27,3894205,母婴玩具-商品4205,1,31.11,31.11,0,0,1003348,未退款,已完成,
TB0001488,2026-08-04 06:56:24,855191,美妆个护-商品5191,1,230.94,230.94,0,0,1003351,未退款,已完成,
TB0001489,2026-08-04 14:53:10,855191,美妆个护-商品5191,1,88.15,88.15,0,0,1003351,未退款,已完成,
TB0001490,2026-08-10 03:41:29,855191,美妆个护-商品5191,1,67.17,67.17,0,0,1003351,未退款,已完成,
TB0001491,2026-08-10 12:51:37,2078526,美妆个护-商品8526,1,66.94,66.94,0,0,1003351,未退款,已完成,
TB0001492,2026-08-12 09:08:07,855191,美妆个护-商品5191,1,83.79,83.79,0,0,1003351,未退款,已完成,
TB0001493,2026-08-04 19:31:31,4103622,服饰鞋包-商品3622,1,39.69,39.69,0,0,1003359,未退款,已完成,
TB0001494,2026-08-05 00:50:30,136182,数码家电-商品6182,1,132.01,132.01,0,0,1003390,未退款,已完成,
TB0001495,2026-08-05 00:59:52,4856688,数码家电-商品6688,1,359.35,359.35,0,0,1003390,未退款,已完成,
TB0001496,2026-08-05 14:40:51,4601811,食品生鲜-商品1811,1,18.86,18.86,0,0,1003390,未退款,已完成,
TB0001497,2026-08-11 15:33:12,1720288,美妆个护-商品0288,1,195.2,195.2,0,0,1003390,未退款,已完成,
TB0001498,2026-08-08 13:41:24,2603919,食品生鲜-商品3919,1,21.14,21.14,0,0,1003397,未退款,已完成,
TB0001499,2026-08-09 06:54:23,379359,数码家电-商品9359,1,577.72,577.72,0,0,1003397,未退款,已完成,
TB0001500,2026-08-04 13:33:53,1073943,服饰鞋包-商品3943,1,163.33,163.33,0,0,1003410,未退款,已完成,
TB0001501,2026-08-11 02:11:14,3586,食品生鲜-商品3586,1,80.91,80.91,0,0,1003410,未退款,已完成,
TB0001502,2026-08-07 03:31:50,3275435,食品生鲜-商品5435,1,69.42,69.42,0,0,1003422,未退款,已完成,
TB0001503,2026-08-12 04:35:53,3985341,美妆个护-商品5341,1,85.45,85.45,0,0,1003422,未退款,已完成,
TB0001503,2026-08-12 04:35:53,1731104,食品生鲜-商品1104,1,98.7,98.7,0,0,1003422,未退款,已完成,
TB0001504,2026-08-04 09:02:25,2748554,母婴玩具-商品8554,1,63.75,63.75,0,0,1003428,未退款,已完成,
TB0001505,2026-08-07 03:50:59,311679,美妆个护-商品1679,1,194.35,194.35,0,0,1003428,未退款,已完成,
TB0001506,2026-08-08 01:25:03,2748554,母婴玩具-商品8554,1,132.68,132.68,0,0,1003428,未退款,已完成,
TB0001507,2026-08-09 04:16:55,3556727,美妆个护-商品6727,1,30.08,30.08,0,0,1003428,未退款,已完成,
TB0001508,2026-08-10 04:01:16,2962918,母婴玩具-商品2918,1,53.46,53.46,0,0,1003428,已退款,已退款,
TB0001509,2026-08-10 05:08:50,2979691,母婴玩具-商品9691,1,149.19,149.19,0,0,1003428,未退款,已完成,
TB0001510,2026-08-10 12:03:22,1578882,母婴玩具-商品8882,1,141.96,141.96,0,0,1003428,已退款,已退款,
TB0001511,2026-08-11 08:42:58,3256426,图书文创-商品6426,1,14.62,14.62,0,0,1003428,未退款,已完成,
TB0001512,2026-08-07 13:16:31,4531551,美妆个护-商品1551,1,133.11,133.11,0,0,1003432,已退款,已退款,
TB0001513,2026-08-10 02:51:40,46419,数码家电-商品6419,1,578.83,578.83,0,0,1003440,未退款,已完成,
TB0001514,2026-08-10 02:54:46,46419,数码家电-商品6419,1,739.86,739.86,0,0,1003440,未退款,已完成,
TB0001515,2026-08-09 06:07:28,4216747,运动户外-商品6747,1,237.27,237.27,0,0,1003457,未退款,已完成,
TB0001516,2026-08-12 11:56:58,976311,服饰鞋包-商品6311,1,153.93,153.93,0,0,1003463,未退款,已完成,
TB0001517,2026-08-06 14:54:22,3964583,运动户外-商品4583,1,330.06,330.06,0,0,1003467,未退款,已完成,
TB0001518,2026-08-04 17:43:09,310724,食品生鲜-商品0724,1,79.34,79.34,0,0,1003475,未退款,已完成,
TB0001519,2026-08-04 09:52:33,4808644,美妆个护-商品8644,1,219.9,219.9,0,0,1003479,未退款,已完成,
TB0001520,2026-08-05 02:16:09,1672867,图书文创-商品2867,1,53.77,53.77,0,0,1003479,已退款,已退款,
TB0001521,2026-08-04 06:58:38,3153814,家居日用-商品3814,1,111.08,111.08,0,0,1003492,未退款,已完成,
TB0001522,2026-08-10 13:55:22,1829120,运动户外-商品9120,1,186.58,186.58,0,0,1003492,未退款,已完成,
TB0001523,2026-08-04 04:39:37,5001166,数码家电-商品1166,1,523.81,523.81,0,0,1003499,未退款,已完成,
TB0001524,2026-08-04 10:09:35,267571,家居日用-商品7571,1,105.63,105.63,0,0,1003509,未退款,已完成,
TB0001524,2026-08-04 10:09:35,4606784,家居日用-商品6784,1,48.68,48.68,0,0,1003509,未退款,已完成,
TB0001525,2026-08-05 17:18:51,3890912,数码家电-商品0912,1,157.78,157.78,0,0,1003509,未退款,已完成,
TB0001526,2026-08-12 05:29:42,5009684,食品生鲜-商品9684,1,59.25,59.25,0,0,1003509,未退款,已完成,
TB0001527,2026-08-04 01:32:42,3182891,美妆个护-商品2891,1,160.98,160.98,0,0,1003510,未退款,已完成,
TB0001528,2026-08-04 01:35:10,853003,数码家电-商品3003,1,379.05,379.05,0,0,1003510,未退款,已完成,
TB0001529,2026-08-06 08:10:12,2633831,美妆个护-商品3831,1,200.13,200.13,0,0,1003510,未退款,已完成,
TB0001530,2026-08-10 14:30:44,702871,图书文创-商品2871,1,39.55,39.55,0,0,1003510,已退款,已退款,
TB0001531,2026-08-10 14:34:05,4431957,数码家电-商品1957,1,107.73,107.73,0,0,1003510,未退款,已完成,
TB0001532,2026-08-11 12:54:04,2165246,数码家电-商品5246,1,101.22,101.22,0,0,1003510,未退款,已完成,
TB0001533,2026-08-12 01:27:30,2571093,运动户外-商品1093,1,318.03,318.03,0,0,1003510,已退款,已退款,
TB0001534,2026-08-05 12:21:01,4121158,食品生鲜-商品1158,1,9.78,9.78,0,0,1003512,已退款,已退款,
TB0001535,2026-08-11 07:04:28,759857,家居日用-商品9857,1,149.2,149.2,0,0,1003514,未退款,已完成,
TB0001536,2026-08-12 08:00:23,2030176,美妆个护-商品0176,1,69.0,69.0,0,0,1003514,未退款,已完成,
TB0001537,2026-08-05 10:45:51,2269435,母婴玩具-商品9435,1,174.04,174.04,0,0,1003531,未退款,已完成,
TB0001538,2026-08-05 10:52:27,4973819,母婴玩具-商品3819,1,19.56,19.56,0,0,1003531,未退款,已完成,
TB0001538,2026-08-05 10:52:27,1121148,运动户外-商品1148,1,72.3,72.3,0,0,1003531,未退款,已完成,
TB0001539,2026-08-04 08:18:51,636630,食品生鲜-商品6630,1,8.34,8.34,0,0,1003550,未退款,已完成,
TB0001540,2026-08-08 06:18:03,1855368,运动户外-商品5368,1,267.22,267.22,0,0,1003550,未退款,已完成,
TB0001541,2026-08-05 10:46:02,1610594,家居日用-商品0594,1,63.93,63.93,0,0,1003553,未退款,已完成,
TB0001542,2026-08-05 10:49:49,669226,图书文创-商品9226,1,31.78,31.78,0,0,1003553,未退款,已完成,
TB0001543,2026-08-04 08:17:12,3627243,家居日用-商品7243,1,58.72,58.72,0,0,1003559,未退款,已完成,
TB0001544,2026-08-07 02:06:32,5135699,数码家电-商品5699,1,227.88,227.88,0,0,1003559,未退款,已完成,
TB0001545,2026-08-10 07:56:11,2442300,母婴玩具-商品2300,1,20.86,20.86,0,0,1003559,未退款,已完成,
TB0001546,2026-08-12 04:40:12,1966310,运动户外-商品6310,1,187.22,187.22,0,0,1003559,未退款,已完成,
TB0001547,2026-08-07 14:42:59,652867,美妆个护-商品2867,1,163.05,163.05,0,0,1003561,未退款,已完成,
TB0001548,2026-08-08 02:17:32,4267818,图书文创-商品7818,1,34.61,34.61,0,0,1003561,未退款,已完成,
TB0001549,2026-08-11 07:51:43,4270604,服饰鞋包-商品0604,1,124.82,124.82,0,0,1003561,未退款,已完成,
TB0001550,2026-08-12 01:18:56,4267818,图书文创-商品7818,1,62.8,62.8,0,0,1003561,未退款,已完成,
TB0001551,2026-08-06 15:12:36,4411483,家居日用-商品1483,1,141.53,141.53,0,0,1003562,未退款,已完成,
TB0001552,2026-08-09 04:18:17,2438202,数码家电-商品8202,1,175.6,175.6,0,0,1003562,未退款,已完成,
TB0001553,2026-08-10 08:01:15,3482389,运动户外-商品2389,1,198.15,198.15,0,0,1003562,未退款,已完成,
TB0001554,2026-08-12 14:33:51,4965908,图书文创-商品5908,1,14.33,14.33,0,0,1003562,未退款,已完成,
TB0001555,2026-08-05 03:01:09,1201211,家居日用-商品1211,1,151.93,151.93,0,0,1003571,未退款,已完成,
TB0001556,2026-08-08 05:08:10,1890339,服饰鞋包-商品0339,1,89.42,89.42,0,0,1003571,未退款,已完成,
TB0001557,2026-08-05 04:34:08,2568841,食品生鲜-商品8841,1,10.33,10.33,0,0,1003584,未退款,已完成,
TB0001558,2026-08-09 06:06:37,3142750,服饰鞋包-商品2750,1,82.62,82.62,0,0,1003584,未退款,已完成,
TB0001559,2026-08-04 10:15:21,2072262,食品生鲜-商品2262,1,28.4,28.4,0,0,1003586,未退款,已完成,
TB0001560,2026-08-09 11:35:28,755119,美妆个护-商品5119,1,110.45,110.45,0,0,1003586,未退款,已完成,
TB0001561,2026-08-09 12:31:13,2884426,运动户外-商品4426,1,329.7,329.7,0,0,1003586,未退款,已完成,
TB0001562,2026-08-10 09:06:40,891962,运动户外-商品1962,1,207.58,207.58,0,0,1003586,未退款,已完成,
TB0001563,2026-08-11 11:26:17,2100246,数码家电-商品0246,1,889.82,889.82,0,0,1003586,未退款,已完成,
TB0001564,2026-08-08 22:16:09,478043,图书文创-商品8043,1,40.26,40.26,0,0,1003598,已退款,已退款,
TB0001565,2026-08-09 05:47:45,320169,数码家电-商品0169,1,631.68,631.68,0,0,1003610,未退款,已完成,
TB0001566,2026-08-10 04:19:06,5042549,母婴玩具-商品2549,1,194.79,194.79,0,0,1003610,未退款,已完成,
TB0001567,2026-08-10 13:45:17,540749,服饰鞋包-商品0749,1,140.82,140.82,0,0,1003610,未退款,已完成,
TB0001568,2026-08-06 04:34:23,4597775,家居日用-商品7775,1,16.17,16.17,0,0,1003611,未退款,已完成,
TB0001569,2026-08-06 07:53:12,3169530,数码家电-商品9530,1,238.76,238.76,0,0,1003611,未退款,已完成,
TB0001570,2026-08-06 07:55:11,3169530,数码家电-商品9530,1,81.18,81.18,0,0,1003611,未退款,已完成,
TB0001571,2026-08-06 10:40:40,551640,服饰鞋包-商品1640,1,83.27,83.27,0,0,1003611,未退款,已完成,
TB0001572,2026-08-06 11:20:14,905484,家居日用-商品5484,1,101.3,101.3,0,0,1003611,未退款,已完成,
TB0001573,2026-08-08 17:30:42,668931,家居日用-商品8931,1,106.75,106.75,0,0,1003611,未退款,已完成,
TB0001574,2026-08-09 10:28:34,1002439,美妆个护-商品2439,1,190.23,190.23,0,0,1003612,未退款,已完成,
TB0001575,2026-08-05 23:20:22,3869229,运动户外-商品9229,1,178.43,178.43,0,0,1003627,未退款,已完成,
TB0001576,2026-08-12 05:43:16,1104473,美妆个护-商品4473,1,149.33,149.33,0,0,1003627,未退款,已完成,
TB0001577,2026-08-07 00:39:26,745201,运动户外-商品5201,1,379.65,379.65,0,0,1003628,未退款,已完成,
TB0001578,2026-08-07 05:12:36,416355,服饰鞋包-商品6355,1,133.72,133.72,0,0,1003628,未退款,已完成,
TB0001579,2026-08-08 02:36:10,1060417,食品生鲜-商品0417,1,33.9,33.9,0,0,1003628,未退款,已完成,
TB0001580,2026-08-12 12:50:25,1023051,母婴玩具-商品3051,1,75.85,75.85,0,0,1003628,未退款,已完成,
TB0001581,2026-08-10 08:51:32,815714,家居日用-商品5714,1,41.55,41.55,0,0,1003629,未退款,已完成,
TB0001582,2026-08-07 08:30:05,1154213,数码家电-商品4213,1,307.63,307.63,0,0,1003643,未退款,已完成,
TB0001583,2026-08-07 08:34:04,1331909,数码家电-商品1909,1,398.55,398.55,0,0,1003643,未退款,已完成,
TB0001584,2026-08-07 08:38:32,4005033,食品生鲜-商品5033,1,16.5,16.5,0,0,1003643,未退款,已完成,
TB0001585,2026-08-08 01:52:06,3466178,数码家电-商品6178,1,885.61,885.61,0,0,1003656,未退款,已完成,
TB0001586,2026-08-09 06:58:09,3788016,运动户外-商品8016,1,46.5,46.5,0,0,1003656,未退款,已完成,
TB0001587,2026-08-09 07:11:51,5059698,数码家电-商品9698,1,165.26,165.26,0,0,1003656,未退款,已完成,
TB0001588,2026-08-10 04:10:41,3044459,服饰鞋包-商品4459,1,121.71,121.71,0,0,1003656,未退款,已完成,
TB0001589,2026-08-11 05:33:03,1221336,母婴玩具-商品1336,1,45.37,45.37,0,0,1003656,未退款,已完成,
TB0001590,2026-08-12 06:38:15,2779154,图书文创-商品9154,1,33.06,33.06,0,0,1003656,未退款,已完成,
TB0001591,2026-08-04 06:54:18,5022571,服饰鞋包-商品2571,1,106.76,106.76,0,0,1003685,未退款,已完成,
TB0001592,2026-08-10 02:27:55,2584329,家居日用-商品4329,1,96.16,96.16,0,0,1003693,未退款,已完成,
TB0001593,2026-08-08 12:45:32,2092730,数码家电-商品2730,1,728.19,728.19,0,0,1003703,未退款,已完成,
TB0001594,2026-08-08 12:50:02,1317339,数码家电-商品7339,1,124.55,124.55,0,0,1003703,未退款,已完成,
TB0001595,2026-08-08 04:05:17,1538620,母婴玩具-商品8620,1,100.99,100.99,0,0,1003707,未退款,已完成,
TB0001596,2026-08-08 13:16:30,2846658,母婴玩具-商品6658,1,158.48,158.48,0,0,1003707,未退款,已完成,
TB0001597,2026-08-12 14:31:41,5048238,美妆个护-商品8238,1,251.93,251.93,0,0,1003707,未退款,已完成,
TB0001598,2026-08-06 00:57:05,1436899,图书文创-商品6899,1,59.26,59.26,0,0,1003711,未退款,已完成,
TB0001599,2026-08-06 01:12:47,1070612,服饰鞋包-商品0612,1,196.24,196.24,0,0,1003711,未退款,已完成,
TB0001600,2026-08-09 11:24:10,698881,数码家电-商品8881,1,203.12,203.12,0,0,1003711,未退款,已完成,
TB0001601,2026-08-04 15:50:40,4727640,家居日用-商品7640,1,26.72,26.72,0,0,1003716,未退款,已完成,
TB0001602,2026-08-04 16:23:28,1142662,食品生鲜-商品2662,1,42.17,42.17,0,0,1003716,未退款,已完成,
TB0001603,2026-08-07 07:56:19,4416136,数码家电-商品6136,1,460.87,460.87,0,0,1003716,未退款,已完成,
TB0001604,2026-08-08 02:29:26,3516903,家居日用-商品6903,1,53.99,53.99,0,0,1003716,未退款,已完成,
TB0001605,2026-08-09 15:29:45,1780583,运动户外-商品0583,1,207.94,207.94,0,0,1003716,未退款,已完成,
TB0001606,2026-08-12 05:44:58,3329070,家居日用-商品9070,1,79.51,79.51,0,0,1003716,未退款,已完成,
TB0001607,2026-08-12 11:02:57,1243868,家居日用-商品3868,1,84.5,84.5,0,0,1003716,未退款,已完成,
TB0001608,2026-08-12 13:03:23,3602299,服饰鞋包-商品2299,1,98.0,98.0,0,0,1003716,未退款,已完成,
TB0001609,2026-08-12 15:01:26,4247846,数码家电-商品7846,1,771.59,771.59,0,0,1003716,未退款,已完成,
TB0001610,2026-08-03 23:06:49,2994876,服饰鞋包-商品4876,1,134.9,134.9,0,0,1003724,未退款,已完成,
TB0001611,2026-08-04 13:22:46,4697569,数码家电-商品7569,1,549.65,549.65,0,0,1003724,未退款,已完成,
TB0001612,2026-08-09 07:38:03,4997111,运动户外-商品7111,1,346.84,346.84,0,0,1003724,未退款,已完成,
TB0001613,2026-08-09 14:28:50,3909525,图书文创-商品9525,1,55.07,55.07,0,0,1003724,未退款,已完成,
TB0001614,2026-08-10 03:01:42,1197299,家居日用-商品7299,1,50.24,50.24,0,0,1003724,未退款,已完成,
TB0001615,2026-08-11 09:16:52,2872572,母婴玩具-商品2572,1,133.84,133.84,0,0,1003725,未退款,已完成,
TB0001616,2026-08-05 12:32:43,152384,母婴玩具-商品2384,1,96.79,96.79,0,0,1003733,未退款,已完成,
TB0001617,2026-08-04 02:36:39,3336250,食品生鲜-商品6250,1,77.82,77.82,0,0,1003740,未退款,已完成,
TB0001618,2026-08-06 14:35:47,252082,服饰鞋包-商品2082,1,104.97,104.97,0,0,1003740,未退款,已完成,
TB0001619,2026-08-10 15:39:57,3057515,母婴玩具-商品7515,1,189.73,189.73,0,0,1003740,未退款,已完成,
TB0001620,2026-08-08 06:44:04,2802101,家居日用-商品2101,1,117.77,117.77,0,0,1003743,已退款,已退款,
TB0001621,2026-08-12 12:27:39,4481260,母婴玩具-商品1260,1,74.88,74.88,0,0,1003748,未退款,已完成,
TB0001622,2026-08-08 06:47:03,3402483,家居日用-商品2483,1,46.62,46.62,0,0,1003756,未退款,已完成,
TB0001623,2026-08-11 02:58:10,3534563,食品生鲜-商品4563,1,73.09,73.09,0,0,1003757,未退款,已完成,
TB0001624,2026-08-11 01:53:16,68814,数码家电-商品8814,1,452.6,452.6,0,0,1003761,未退款,已完成,
TB0001625,2026-08-10 08:39:40,847944,食品生鲜-商品7944,1,68.31,68.31,0,0,1003766,未退款,已完成,
TB0001626,2026-08-12 14:23:51,2332631,图书文创-商品2631,1,50.43,50.43,0,0,1003766,未退款,已完成,
TB0001627,2026-08-04 12:09:42,413179,美妆个护-商品3179,1,261.02,261.02,0,0,1003767,未退款,已完成,
TB0001628,2026-08-05 13:37:10,376419,母婴玩具-商品6419,1,84.63,84.63,0,0,1003767,未退款,已完成,
TB0001629,2026-08-08 05:09:56,2035233,数码家电-商品5233,1,766.93,766.93,0,0,1003767,未退款,已完成,
TB0001630,2026-08-09 14:48:07,3685477,食品生鲜-商品5477,1,39.18,39.18,0,0,1003781,未退款,已完成,
TB0001631,2026-08-11 03:31:59,2849849,食品生鲜-商品9849,1,28.14,28.14,0,0,1003781,未退款,已完成,
TB0001632,2026-08-11 03:55:47,1904855,数码家电-商品4855,1,253.04,253.04,0,0,1003781,未退款,已完成,
TB0001633,2026-08-11 04:00:01,1904855,数码家电-商品4855,1,469.88,469.88,0,0,1003781,未退款,已完成,
TB0001634,2026-08-11 11:05:50,2288457,数码家电-商品8457,1,268.3,268.3,0,0,1003781,未退款,已完成,
TB0001635,2026-08-08 07:54:31,1819213,家居日用-商品9213,1,78.27,78.27,0,0,1003782,未退款,已完成,
TB0001636,2026-08-12 08:29:42,1045835,运动户外-商品5835,1,384.41,384.41,0,0,1003782,未退款,已完成,
TB0001637,2026-08-09 14:37:00,267531,美妆个护-商品7531,1,206.96,206.96,0,0,1003792,未退款,已完成,
TB0001638,2026-08-08 22:48:30,2173308,数码家电-商品3308,1,838.71,838.71,0,0,1003807,未退款,已完成,
TB0001639,2026-08-08 19:45:46,4437865,图书文创-商品7865,1,28.54,28.54,0,0,1003821,未退款,已完成,
TB0001640,2026-08-12 14:15:19,2795788,图书文创-商品5788,1,44.09,44.09,0,0,1003821,未退款,已完成,
TB0001641,2026-08-03 23:03:28,4693404,服饰鞋包-商品3404,1,189.63,189.63,0,0,1003826,未退款,已完成,
TB0001642,2026-08-05 14:51:06,2438999,美妆个护-商品8999,1,258.42,258.42,0,0,1003826,未退款,已完成,
TB0001643,2026-08-09 05:56:01,4283121,服饰鞋包-商品3121,1,173.89,173.89,0,0,1003826,未退款,已完成,
TB0001644,2026-08-09 06:44:15,2620370,运动户外-商品0370,1,374.14,374.14,0,0,1003826,未退款,已完成,
TB0001645,2026-08-10 12:32:59,813100,运动户外-商品3100,1,65.46,65.46,0,0,1003826,未退款,已完成,
TB0001646,2026-08-11 03:25:12,3438935,母婴玩具-商品8935,1,45.3,45.3,0,0,1003826,未退款,已完成,
TB0001647,2026-08-12 04:31:38,1412510,食品生鲜-商品2510,1,70.83,70.83,0,0,1003826,未退款,已完成,
TB0001648,2026-08-12 09:32:28,2502168,母婴玩具-商品2168,1,152.78,152.78,0,0,1003826,未退款,已完成,
TB0001649,2026-08-12 09:33:21,4993299,母婴玩具-商品3299,1,41.82,41.82,0,0,1003826,未退款,已完成,
TB0001650,2026-08-12 09:34:22,862929,母婴玩具-商品2929,1,85.06,85.06,0,0,1003826,未退款,已完成,
TB0001651,2026-08-05 05:52:57,4985685,数码家电-商品5685,1,268.92,268.92,0,0,1003837,未退款,已完成,
TB0001652,2026-08-05 05:57:32,3966157,服饰鞋包-商品6157,1,187.85,187.85,0,0,1003837,未退款,已完成,
TB0001653,2026-08-05 06:33:23,760737,家居日用-商品0737,1,44.54,44.54,0,0,1003837,未退款,已完成,
TB0001654,2026-08-08 09:43:17,3966157,服饰鞋包-商品6157,1,35.92,35.92,0,0,1003837,未退款,已完成,
TB0001655,2026-08-09 03:15:29,4618126,数码家电-商品8126,1,897.08,897.08,0,0,1003837,未退款,已完成,
TB0001656,2026-08-10 11:28:31,2085780,运动户外-商品5780,1,337.7,337.7,0,0,1003837,未退款,已完成,
TB0001657,2026-08-11 11:27:21,4403282,服饰鞋包-商品3282,1,87.33,87.33,0,0,1003838,未退款,已完成,
TB0001657,2026-08-11 11:27:21,2880517,服饰鞋包-商品0517,1,60.33,60.33,0,0,1003838,未退款,已完成,
TB0001657,2026-08-11 11:27:21,1516511,服饰鞋包-商品6511,1,181.74,181.74,0,0,1003838,未退款,已完成,
TB0001658,2026-08-09 01:06:17,3264019,运动户外-商品4019,1,46.17,46.17,0,0,1003846,未退款,已完成,
TB0001659,2026-08-10 12:11:52,4435071,家居日用-商品5071,1,52.31,52.31,0,0,1003846,未退款,已完成,
TB0001660,2026-08-04 02:13:00,625129,数码家电-商品5129,1,471.12,471.12,0,0,1003855,未退款,已完成,
TB0001661,2026-08-12 13:24:00,679834,食品生鲜-商品9834,1,34.28,34.28,0,0,1003863,未退款,已完成,
TB0001662,2026-08-11 05:17:21,3535564,食品生鲜-商品5564,1,82.6,82.6,0,0,1003866,未退款,已完成,
TB0001663,2026-08-06 17:16:40,4219427,运动户外-商品9427,1,342.04,342.04,0,0,1003867,未退款,已完成,
TB0001664,2026-08-12 05:41:52,2205329,美妆个护-商品5329,1,293.01,293.01,0,0,1003867,未退款,已完成,
TB0001665,2026-08-04 07:58:07,5101021,母婴玩具-商品1021,1,103.67,103.67,0,0,1003871,未退款,已完成,
TB0001666,2026-08-09 13:12:33,1530101,服饰鞋包-商品0101,1,127.69,127.69,0,0,1003871,未退款,已完成,
TB0001667,2026-08-10 04:22:49,2165016,母婴玩具-商品5016,1,184.42,184.42,0,0,1003871,未退款,已完成,
TB0001668,2026-08-05 11:19:54,761864,服饰鞋包-商品1864,1,180.85,180.85,0,0,1003875,未退款,已完成,
TB0001669,2026-08-07 15:59:50,2790653,美妆个护-商品0653,1,146.61,146.61,0,0,1003885,未退款,已完成,
TB0001670,2026-08-10 16:46:49,13732,数码家电-商品3732,1,696.58,696.58,0,0,1003885,未退款,已完成,
TB0001671,2026-08-11 11:33:04,47531,家居日用-商品7531,1,76.91,76.91,0,0,1003885,未退款,已完成,
TB0001672,2026-08-11 11:42:57,47531,家居日用-商品7531,1,140.34,140.34,0,0,1003885,未退款,已完成,
TB0001673,2026-08-09 05:48:53,3392947,服饰鞋包-商品2947,1,155.01,155.01,0,0,1003887,未退款,已完成,
TB0001674,2026-08-11 16:54:26,168677,数码家电-商品8677,1,552.5,552.5,0,0,1003893,未退款,已完成,
TB0001675,2026-08-06 16:17:30,4075463,服饰鞋包-商品5463,1,50.38,50.38,0,0,1003894,未退款,已完成,
TB0001676,2026-08-04 04:30:09,1347509,母婴玩具-商品7509,1,104.74,104.74,0,0,1003901,未退款,已完成,
TB0001677,2026-08-07 11:14:03,1347509,母婴玩具-商品7509,1,196.45,196.45,0,0,1003901,未退款,已完成,
TB0001678,2026-08-09 14:34:51,3233798,家居日用-商品3798,1,78.2,78.2,0,0,1003901,未退款,已完成,
TB0001679,2026-08-11 03:26:46,3823579,数码家电-商品3579,1,249.64,249.64,0,0,1003901,未退款,已完成,
TB0001680,2026-08-11 09:21:04,2870017,美妆个护-商品0017,1,210.14,210.14,0,0,1003901,未退款,已完成,
TB0001680,2026-08-11 09:21:04,3445520,数码家电-商品5520,1,812.75,812.75,0,0,1003901,未退款,已完成,
TB0001680,2026-08-11 09:21:04,307896,服饰鞋包-商品7896,1,29.24,29.24,0,0,1003901,未退款,已完成,
TB0001680,2026-08-11 09:21:04,122092,运动户外-商品2092,1,200.27,200.27,0,0,1003901,未退款,已完成,
TB0001680,2026-08-11 09:21:04,2044299,数码家电-商品4299,1,504.74,504.74,0,0,1003901,未退款,已完成,
TB0001680,2026-08-11 09:21:04,1339786,家居日用-商品9786,1,105.62,105.62,0,0,1003901,未退款,已完成,
TB0001680,2026-08-11 09:21:04,3107357,运动户外-商品7357,1,366.17,366.17,0,0,1003901,未退款,已完成,
TB0001680,2026-08-11 09:21:04,370265,运动户外-商品0265,1,181.61,181.61,0,0,1003901,未退款,已完成,
TB0001680,2026-08-11 09:21:04,3095307,家居日用-商品5307,1,131.28,131.28,0,0,1003901,未退款,已完成,
TB0001680,2026-08-11 09:21:04,689042,母婴玩具-商品9042,1,184.72,184.72,0,0,1003901,未退款,已完成,
TB0001680,2026-08-11 09:21:04,1325805,家居日用-商品5805,1,83.99,83.99,0,0,1003901,未退款,已完成,
TB0001680,2026-08-11 09:21:04,3900472,运动户外-商品0472,1,105.15,105.15,0,0,1003901,未退款,已完成,
TB0001680,2026-08-11 09:21:04,506837,美妆个护-商品6837,1,215.7,215.7,0,0,1003901,未退款,已完成,
TB0001680,2026-08-11 09:21:04,186948,运动户外-商品6948,1,344.54,344.54,0,0,1003901,未退款,已完成,
TB0001680,2026-08-11 09:21:04,2969676,家居日用-商品9676,1,152.64,152.64,0,0,1003901,未退款,已完成,
TB0001680,2026-08-11 09:21:04,4855294,家居日用-商品5294,1,157.96,157.96,0,0,1003901,未退款,已完成,
TB0001680,2026-08-11 09:21:04,4436021,数码家电-商品6021,1,275.24,275.24,0,0,1003901,未退款,已完成,
TB0001680,2026-08-11 09:21:04,3085138,食品生鲜-商品5138,1,8.3,8.3,0,0,1003901,未退款,已完成,
TB0001680,2026-08-11 09:21:04,3151645,家居日用-商品1645,1,149.33,149.33,0,0,1003901,未退款,已完成,
TB0001680,2026-08-11 09:21:04,1286844,家居日用-商品6844,1,51.73,51.73,0,0,1003901,未退款,已完成,
TB0001680,2026-08-11 09:21:04,939688,图书文创-商品9688,1,49.92,49.92,0,0,1003901,未退款,已完成,
TB0001680,2026-08-11 09:21:04,3082633,数码家电-商品2633,1,259.65,259.65,0,0,1003901,未退款,已完成,
TB0001680,2026-08-11 09:21:04,1149771,母婴玩具-商品9771,1,173.31,173.31,0,0,1003901,未退款,已完成,
TB0001680,2026-08-11 09:21:04,2993500,美妆个护-商品3500,1,223.65,223.65,0,0,1003901,未退款,已完成,
TB0001680,2026-08-11 09:21:04,2887719,家居日用-商品7719,1,82.08,82.08,0,0,1003901,未退款,已完成,
TB0001680,2026-08-11 09:21:04,2387063,食品生鲜-商品7063,1,30.51,30.51,0,0,1003901,未退款,已完成,
TB0001681,2026-08-11 09:23:55,2040053,服饰鞋包-商品0053,1,120.0,120.0,0,0,1003901,未退款,已完成,
TB0001682,2026-08-03 16:18:08,15709,运动户外-商品5709,1,116.74,116.74,0,0,1003906,未退款,已完成,
TB0001683,2026-08-07 12:56:35,3057330,母婴玩具-商品7330,1,100.75,100.75,0,0,1003906,未退款,已完成,
TB0001684,2026-08-07 14:15:57,3685827,运动户外-商品5827,1,229.41,229.41,0,0,1003906,未退款,已完成,
TB0001685,2026-08-08 15:49:36,1029005,食品生鲜-商品9005,1,23.52,23.52,0,0,1003906,未退款,已完成,
TB0001686,2026-08-11 07:51:13,3015698,数码家电-商品5698,1,893.78,893.78,0,0,1003906,未退款,已完成,
TB0001687,2026-08-11 14:07:51,3273409,服饰鞋包-商品3409,1,77.11,77.11,0,0,1003906,未退款,已完成,
TB0001688,2026-08-11 15:57:21,3273409,服饰鞋包-商品3409,1,40.35,40.35,0,0,1003906,未退款,已完成,
TB0001689,2026-08-12 01:12:58,3015698,数码家电-商品5698,1,448.11,448.11,0,0,1003906,未退款,已完成,
TB0001690,2026-08-12 07:46:53,3244515,食品生鲜-商品4515,1,60.56,60.56,0,0,1003906,未退款,已完成,
TB0001691,2026-08-05 04:43:05,2642871,运动户外-商品2871,1,209.52,209.52,0,0,1003912,未退款,已完成,
TB0001692,2026-08-07 14:32:58,104130,数码家电-商品4130,1,159.56,159.56,0,0,1003914,未退款,已完成,
TB0001693,2026-08-11 11:54:35,3529774,运动户外-商品9774,1,39.04,39.04,0,0,1003938,未退款,已完成,
TB0001694,2026-08-11 13:18:10,815000,家居日用-商品5000,1,42.56,42.56,0,0,1003938,未退款,已完成,
TB0001695,2026-08-04 02:29:45,3073281,运动户外-商品3281,1,106.31,106.31,0,0,1003940,未退款,已完成,
TB0001696,2026-08-08 02:48:35,77309,服饰鞋包-商品7309,1,169.11,169.11,0,0,1003940,未退款,已完成,
TB0001697,2026-08-12 12:15:06,1148676,食品生鲜-商品8676,1,51.12,51.12,0,0,1003940,已退款,已退款,
TB0001698,2026-08-04 14:09:45,2638042,数码家电-商品8042,1,894.91,894.91,0,0,1003941,未退款,已完成,
TB0001699,2026-08-04 14:29:21,4693960,食品生鲜-商品3960,1,90.52,90.52,0,0,1003941,未退款,已完成,
TB0001699,2026-08-04 14:29:21,3154858,食品生鲜-商品4858,1,20.17,20.17,0,0,1003941,未退款,已完成,
TB0001700,2026-08-06 10:43:57,956740,母婴玩具-商品6740,1,81.22,81.22,0,0,1003941,未退款,已完成,
TB0001701,2026-08-06 13:37:09,1707879,母婴玩具-商品7879,1,32.1,32.1,0,0,1003947,未退款,已完成,
TB0001702,2026-08-12 15:19:30,2835759,美妆个护-商品5759,1,49.32,49.32,0,0,1003961,未退款,已完成,
TB0001703,2026-08-05 07:20:26,3154938,母婴玩具-商品4938,1,162.83,162.83,0,0,1003965,未退款,已完成,
TB0001704,2026-08-05 07:22:44,4064387,美妆个护-商品4387,1,69.31,69.31,0,0,1003965,未退款,已完成,
TB0001705,2026-08-06 11:27:50,3849232,家居日用-商品9232,1,89.82,89.82,0,0,1003975,未退款,已完成,
TB0001705,2026-08-06 11:27:50,3973904,运动户外-商品3904,1,326.97,326.97,0,0,1003975,未退款,已完成,
TB0001705,2026-08-06 11:27:50,4472912,服饰鞋包-商品2912,1,69.84,69.84,0,0,1003975,未退款,已完成,
TB0001705,2026-08-06 11:27:50,1752514,数码家电-商品2514,1,508.01,508.01,0,0,1003975,未退款,已完成,
TB0001706,2026-08-11 01:38:33,2635487,母婴玩具-商品5487,1,28.6,28.6,0,0,1003975,未退款,已完成,
TB0001707,2026-08-07 01:15:37,1886759,服饰鞋包-商品6759,1,192.73,192.73,0,0,1003979,未退款,已完成,
TB0001708,2026-08-08 14:08:35,4522661,母婴玩具-商品2661,1,136.78,136.78,0,0,1003979,未退款,已完成,
TB0001709,2026-08-04 10:58:04,3512285,运动户外-商品2285,1,318.02,318.02,0,0,1003983,未退款,已完成,
TB0001710,2026-08-04 11:13:46,2411526,母婴玩具-商品1526,1,66.55,66.55,0,0,1003983,未退款,已完成,
TB0001711,2026-08-04 11:15:20,4147316,食品生鲜-商品7316,1,65.0,65.0,0,0,1003983,未退款,已完成,
TB0001711,2026-08-04 11:15:20,309028,母婴玩具-商品9028,1,134.68,134.68,0,0,1003983,未退款,已完成,
TB0001712,2026-08-05 00:35:12,3083569,家居日用-商品3569,1,103.87,103.87,0,0,1003983,未退款,已完成,
TB0001713,2026-08-05 09:11:01,3152425,图书文创-商品2425,1,66.2,66.2,0,0,1003983,未退款,已完成,
TB0001714,2026-08-05 15:05:17,2299375,母婴玩具-商品9375,1,40.68,40.68,0,0,1003983,未退款,已完成,
TB0001715,2026-08-05 15:08:15,4183261,数码家电-商品3261,1,351.87,351.87,0,0,1003983,未退款,已完成,
TB0001716,2026-08-05 15:45:46,2678403,家居日用-商品8403,1,129.29,129.29,0,0,1003983,未退款,已完成,
TB0001716,2026-08-05 15:45:46,2999548,家居日用-商品9548,1,118.26,118.26,0,0,1003983,未退款,已完成,
TB0001716,2026-08-05 15:45:46,4975577,家居日用-商品5577,1,57.27,57.27,0,0,1003983,未退款,已完成,
TB0001717,2026-08-06 08:40:51,3219577,母婴玩具-商品9577,1,102.45,102.45,0,0,1003983,未退款,已完成,
TB0001718,2026-08-06 08:49:18,9702,美妆个护-商品9702,1,291.07,291.07,0,0,1003983,未退款,已完成,
TB0001719,2026-08-06 13:25:02,5146125,服饰鞋包-商品6125,1,40.45,40.45,0,0,1003983,未退款,已完成,
TB0001720,2026-08-06 14:33:51,237909,美妆个护-商品7909,1,168.32,168.32,0,0,1003983,未退款,已完成,
TB0001720,2026-08-06 14:33:51,2122416,服饰鞋包-商品2416,1,102.85,102.85,0,0,1003983,未退款,已完成,
TB0001721,2026-08-06 14:37:31,3674683,数码家电-商品4683,1,216.27,216.27,0,0,1003983,未退款,已完成,
TB0001722,2026-08-08 08:08:13,3219577,母婴玩具-商品9577,1,144.36,144.36,0,0,1003983,未退款,已完成,
TB0001723,2026-08-08 09:42:42,2909223,图书文创-商品9223,1,56.16,56.16,0,0,1003983,未退款,已完成,
TB0001724,2026-08-08 14:51:49,3062015,数码家电-商品2015,1,670.82,670.82,0,0,1003983,未退款,已完成,
TB0001725,2026-08-08 15:12:46,3701890,食品生鲜-商品1890,1,12.4,12.4,0,0,1003983,未退款,已完成,
TB0001726,2026-08-08 23:29:50,691693,图书文创-商品1693,1,21.66,21.66,0,0,1003983,未退款,已完成,
TB0001726,2026-08-08 23:29:50,1859881,家居日用-商品9881,1,115.46,115.46,0,0,1003983,未退款,已完成,
TB0001726,2026-08-08 23:29:50,4056517,家居日用-商品6517,1,116.18,116.18,0,0,1003983,未退款,已完成,
TB0001726,2026-08-08 23:29:50,4880731,家居日用-商品0731,1,150.7,150.7,0,0,1003983,未退款,已完成,
TB0001726,2026-08-08 23:29:50,4702409,家居日用-商品2409,1,141.65,141.65,0,0,1003983,未退款,已完成,
TB0001726,2026-08-08 23:29:50,3538942,家居日用-商品8942,1,136.38,136.38,0,0,1003983,未退款,已完成,
TB0001726,2026-08-08 23:29:50,2908885,数码家电-商品8885,1,361.59,361.59,0,0,1003983,未退款,已完成,
TB0001726,2026-08-08 23:29:50,3050742,家居日用-商品0742,1,142.37,142.37,0,0,1003983,未退款,已完成,
TB0001726,2026-08-08 23:29:50,2840982,母婴玩具-商品0982,1,29.51,29.51,0,0,1003983,未退款,已完成,
TB0001727,2026-08-09 01:25:09,1095896,美妆个护-商品5896,1,244.63,244.63,0,0,1003983,未退款,已完成,
TB0001728,2026-08-09 04:43:36,1072686,服饰鞋包-商品2686,1,38.0,38.0,0,0,1003983,未退款,已完成,
TB0001729,2026-08-09 14:58:17,5146125,服饰鞋包-商品6125,1,185.43,185.43,0,0,1003983,未退款,已完成,
TB0001730,2026-08-09 15:10:55,2695132,美妆个护-商品5132,1,103.39,103.39,0,0,1003983,未退款,已完成,
TB0001731,2026-08-10 05:30:21,609662,服饰鞋包-商品9662,1,191.33,191.33,0,0,1003983,未退款,已完成,
TB0001732,2026-08-10 13:48:48,1611884,家居日用-商品1884,1,17.85,17.85,0,0,1003983,未退款,已完成,
TB0001733,2026-08-11 07:02:14,1453223,美妆个护-商品3223,1,118.51,118.51,0,0,1003983,未退款,已完成,
TB0001734,2026-08-11 07:03:52,2328831,图书文创-商品8831,1,42.34,42.34,0,0,1003983,未退款,已完成,
TB0001735,2026-08-11 07:04:50,1453223,美妆个护-商品3223,1,64.85,64.85,0,0,1003983,未退款,已完成,
TB0001736,2026-08-12 09:10:08,4280909,母婴玩具-商品0909,1,77.23,77.23,0,0,1003983,未退款,已完成,
TB0001737,2026-08-12 09:24:56,3962112,服饰鞋包-商品2112,1,49.52,49.52,0,0,1003983,未退款,已完成,
TB0001738,2026-08-12 09:28:31,1466270,服饰鞋包-商品6270,1,91.67,91.67,0,0,1003983,未退款,已完成,
TB0001739,2026-08-12 11:37:45,4940506,服饰鞋包-商品0506,1,41.91,41.91,0,0,1003983,未退款,已完成,
TB0001740,2026-08-11 10:18:01,1950705,家居日用-商品0705,1,146.27,146.27,0,0,1003988,未退款,已完成,
TB0001741,2026-08-12 11:02:36,1950705,家居日用-商品0705,1,16.03,16.03,0,0,1003988,未退款,已完成,
TB0001742,2026-08-10 01:04:31,4665950,美妆个护-商品5950,1,106.71,106.71,0,0,1003991,未退款,已完成,
TB0001743,2026-08-10 16:29:00,2076643,数码家电-商品6643,1,387.46,387.46,0,0,1003993,未退款,已完成,
TB0001744,2026-08-11 05:25:05,2237561,服饰鞋包-商品7561,1,145.36,145.36,0,0,1003998,未退款,已完成,
TB0001744,2026-08-11 05:25:05,4836492,服饰鞋包-商品6492,1,143.76,143.76,0,0,1003998,未退款,已完成,
TB0001745,2026-08-12 11:59:18,3641909,家居日用-商品1909,1,28.05,28.05,0,0,1004001,未退款,已完成,
TB0001746,2026-08-11 16:02:12,4892400,服饰鞋包-商品2400,1,113.88,113.88,0,0,1004002,已退款,已退款,
TB0001747,2026-08-11 03:26:51,3183382,运动户外-商品3382,1,89.45,89.45,0,0,1004019,未退款,已完成,
TB0001748,2026-08-11 07:40:46,3708457,母婴玩具-商品8457,1,150.61,150.61,0,0,1004019,未退款,已完成,
TB0001749,2026-08-08 14:37:30,1005543,美妆个护-商品5543,1,163.91,163.91,0,0,1004020,未退款,已完成,
TB0001750,2026-08-09 12:54:01,4474759,食品生鲜-商品4759,1,62.8,62.8,0,0,1004021,未退款,已完成,
TB0001751,2026-08-09 18:24:59,505292,食品生鲜-商品5292,1,9.89,9.89,0,0,1004021,未退款,已完成,
TB0001752,2026-08-11 14:45:52,3137676,美妆个护-商品7676,1,249.33,249.33,0,0,1004021,未退款,已完成,
TB0001753,2026-08-12 15:39:24,3369751,图书文创-商品9751,1,16.75,16.75,0,0,1004026,未退款,已完成,
TB0001754,2026-08-04 10:08:27,2500053,服饰鞋包-商品0053,1,56.77,56.77,0,0,1004032,未退款,已完成,
TB0001755,2026-08-11 15:30:11,3822898,美妆个护-商品2898,1,183.33,183.33,0,0,1004032,未退款,已完成,
TB0001756,2026-08-11 14:39:45,1044710,数码家电-商品4710,1,357.67,357.67,0,0,1004068,未退款,已完成,
TB0001757,2026-08-11 14:54:19,4103172,数码家电-商品3172,1,763.49,763.49,0,0,1004068,未退款,已完成,
TB0001758,2026-08-11 15:25:51,1640439,数码家电-商品0439,1,639.22,639.22,0,0,1004068,未退款,已完成,
TB0001759,2026-08-11 17:22:41,2403113,数码家电-商品3113,1,889.56,889.56,0,0,1004068,未退款,已完成,
TB0001760,2026-08-07 14:05:38,1168728,服饰鞋包-商品8728,1,45.19,45.19,0,0,1004073,未退款,已完成,
TB0001761,2026-08-04 14:51:24,1912136,数码家电-商品2136,1,679.78,679.78,0,0,1004075,未退款,已完成,
TB0001762,2026-08-09 09:08:25,3581169,服饰鞋包-商品1169,1,66.73,66.73,0,0,1004075,未退款,已完成,
TB0001763,2026-08-09 14:10:22,1569796,母婴玩具-商品9796,1,170.13,170.13,0,0,1004075,未退款,已完成,
TB0001764,2026-08-11 01:14:04,2470351,图书文创-商品0351,1,38.65,38.65,0,0,1004075,未退款,已完成,
TB0001765,2026-08-12 15:31:10,567355,服饰鞋包-商品7355,1,40.83,40.83,0,0,1004082,未退款,已完成,
TB0001766,2026-08-12 15:42:44,4183511,家居日用-商品3511,1,16.01,16.01,0,0,1004082,未退款,已完成,
TB0001767,2026-08-04 06:43:23,3225328,美妆个护-商品5328,1,79.77,79.77,0,0,1004087,未退款,已完成,
TB0001768,2026-08-04 08:34:20,3225328,美妆个护-商品5328,1,135.6,135.6,0,0,1004087,未退款,已完成,
TB0001769,2026-08-06 02:33:24,305698,家居日用-商品5698,1,25.05,25.05,0,0,1004096,未退款,已完成,
TB0001770,2026-08-06 05:55:46,2572516,食品生鲜-商品2516,1,42.01,42.01,0,0,1004096,未退款,已完成,
TB0001771,2026-08-08 04:26:07,1669105,数码家电-商品9105,1,762.84,762.84,0,0,1004096,未退款,已完成,
TB0001772,2026-08-09 02:10:40,1898034,母婴玩具-商品8034,1,64.46,64.46,0,0,1004096,未退款,已完成,
TB0001773,2026-08-09 05:23:25,4907087,运动户外-商品7087,1,248.07,248.07,0,0,1004096,已退款,已退款,
TB0001774,2026-08-09 05:25:05,721172,运动户外-商品1172,1,242.02,242.02,0,0,1004096,未退款,已完成,
TB0001775,2026-08-09 05:26:04,3674544,家居日用-商品4544,1,146.65,146.65,0,0,1004096,未退款,已完成,
TB0001776,2026-08-09 06:14:30,2588261,图书文创-商品8261,1,30.2,30.2,0,0,1004096,未退款,已完成,
TB0001777,2026-08-10 12:14:55,2614657,母婴玩具-商品4657,1,165.49,165.49,0,0,1004096,未退款,已完成,
TB0001777,2026-08-10 12:14:55,658010,母婴玩具-商品8010,1,78.54,78.54,0,0,1004096,未退款,已完成,
TB0001778,2026-08-10 12:27:34,1885579,美妆个护-商品5579,1,91.5,91.5,0,0,1004096,未退款,已完成,
TB0001779,2026-08-11 07:16:36,493889,数码家电-商品3889,1,691.89,691.89,0,0,1004096,未退款,已完成,
TB0001780,2026-08-07 03:06:43,408416,美妆个护-商品8416,1,85.41,85.41,0,0,1004106,未退款,已完成,
TB0001781,2026-08-08 08:36:52,408416,美妆个护-商品8416,1,182.33,182.33,0,0,1004106,未退款,已完成,
TB0001782,2026-08-09 11:12:28,2723610,运动户外-商品3610,1,328.02,328.02,0,0,1004106,未退款,已完成,
TB0001783,2026-08-04 00:23:50,4225140,数码家电-商品5140,1,250.06,250.06,0,0,1004115,未退款,已完成,
TB0001784,2026-08-10 15:45:33,3810114,数码家电-商品0114,1,215.02,215.02,0,0,1004118,未退款,已完成,
TB0001785,2026-08-04 12:31:47,4025592,服饰鞋包-商品5592,1,71.46,71.46,0,0,1004122,未退款,已完成,
TB0001786,2026-08-06 12:57:00,1170152,食品生鲜-商品0152,1,83.94,83.94,0,0,1004122,未退款,已完成,
TB0001786,2026-08-06 12:57:00,4829704,家居日用-商品9704,1,104.17,104.17,0,0,1004122,未退款,已完成,
TB0001787,2026-08-09 18:53:59,4423671,服饰鞋包-商品3671,1,188.14,188.14,0,0,1004140,未退款,已完成,
TB0001788,2026-08-12 08:25:31,3479834,食品生鲜-商品9834,1,17.19,17.19,0,0,1004146,未退款,已完成,
TB0001789,2026-08-09 04:09:22,264892,运动户外-商品4892,1,349.67,349.67,0,0,1004161,未退款,已完成,
TB0001790,2026-08-12 08:04:25,5096542,家居日用-商品6542,1,109.03,109.03,0,0,1004161,未退款,已完成,
TB0001791,2026-08-07 09:43:41,3859115,服饰鞋包-商品9115,1,113.15,113.15,0,0,1004165,未退款,已完成,
TB0001792,2026-08-08 12:53:22,1085601,运动户外-商品5601,1,354.63,354.63,0,0,1004165,未退款,已完成,
TB0001793,2026-08-09 02:31:05,2573625,数码家电-商品3625,1,884.37,884.37,0,0,1004165,未退款,已完成,
TB0001794,2026-08-09 11:33:54,3894449,图书文创-商品4449,1,63.66,63.66,0,0,1004165,未退款,已完成,
TB0001795,2026-08-06 08:01:51,2937005,家居日用-商品7005,1,65.6,65.6,0,0,1004172,未退款,已完成,
TB0001796,2026-08-09 01:24:27,1138,图书文创-商品1138,1,47.27,47.27,0,0,1004172,未退款,已完成,
TB0001797,2026-08-09 03:13:11,4734468,母婴玩具-商品4468,1,90.12,90.12,0,0,1004172,未退款,已完成,
TB0001798,2026-08-11 12:42:56,4861832,运动户外-商品1832,1,184.31,184.31,0,0,1004172,未退款,已完成,
TB0001799,2026-08-12 11:11:11,4696642,美妆个护-商品6642,1,268.68,268.68,0,0,1004172,未退款,已完成,
TB0001800,2026-08-11 02:17:16,3105552,家居日用-商品5552,1,107.42,107.42,0,0,1004183,未退款,已完成,
TB0001801,2026-08-12 02:18:05,1874701,美妆个护-商品4701,1,238.05,238.05,0,0,1004183,未退款,已完成,
TB0001802,2026-08-04 12:48:10,3591000,运动户外-商品1000,1,172.92,172.92,0,0,1004192,未退款,已完成,
TB0001802,2026-08-04 12:48:10,83407,数码家电-商品3407,1,293.54,293.54,0,0,1004192,未退款,已完成,
TB0001803,2026-08-04 13:39:21,2427221,食品生鲜-商品7221,1,11.55,11.55,0,0,1004192,未退款,已完成,
TB0001804,2026-08-04 03:03:52,2772996,数码家电-商品2996,1,486.26,486.26,0,0,1004196,未退款,已完成,
TB0001805,2026-08-07 12:20:20,3647361,数码家电-商品7361,1,572.92,572.92,0,0,1004196,未退款,已完成,
TB0001806,2026-08-05 12:41:13,2082917,服饰鞋包-商品2917,1,84.51,84.51,0,0,1004201,未退款,已完成,
TB0001807,2026-08-11 13:54:47,3399022,家居日用-商品9022,1,54.8,54.8,0,0,1004207,未退款,已完成,
TB0001808,2026-08-08 11:13:22,74694,服饰鞋包-商品4694,1,198.58,198.58,0,0,1004212,未退款,已完成,
TB0001808,2026-08-08 11:13:22,4038595,服饰鞋包-商品8595,1,78.15,78.15,0,0,1004212,未退款,已完成,
TB0001808,2026-08-08 11:13:22,2991383,美妆个护-商品1383,1,196.66,196.66,0,0,1004212,未退款,已完成,
TB0001809,2026-08-05 02:19:44,403950,美妆个护-商品3950,1,294.13,294.13,0,0,1004228,未退款,已完成,
TB0001810,2026-08-07 13:49:58,297742,美妆个护-商品7742,1,190.75,190.75,0,0,1004228,未退款,已完成,
TB0001811,2026-08-07 13:50:35,829406,食品生鲜-商品9406,1,78.75,78.75,0,0,1004228,未退款,已完成,
TB0001812,2026-08-07 13:57:13,4756124,食品生鲜-商品6124,1,8.28,8.28,0,0,1004228,未退款,已完成,
TB0001813,2026-08-09 00:58:48,1124197,美妆个护-商品4197,1,122.01,122.01,0,0,1004228,未退款,已完成,
TB0001814,2026-08-09 01:24:53,1124197,美妆个护-商品4197,1,75.37,75.37,0,0,1004228,未退款,已完成,
TB0001815,2026-08-06 02:52:31,2961815,食品生鲜-商品1815,1,10.82,10.82,0,0,1004232,未退款,已完成,
TB0001815,2026-08-06 02:52:31,809904,食品生鲜-商品9904,1,50.34,50.34,0,0,1004232,未退款,已完成,
TB0001816,2026-08-08 06:25:31,2300837,母婴玩具-商品0837,1,44.33,44.33,0,0,1004232,未退款,已完成,
TB0001817,2026-08-05 09:37:32,4651506,家居日用-商品1506,1,130.32,130.32,0,0,1004238,未退款,已完成,
TB0001818,2026-08-06 05:08:53,3810700,图书文创-商品0700,1,57.94,57.94,0,0,1004238,未退款,已完成,
TB0001819,2026-08-08 08:26:09,2843480,服饰鞋包-商品3480,1,83.67,83.67,0,0,1004238,未退款,已完成,
TB0001820,2026-08-09 12:20:48,426069,运动户外-商品6069,1,195.1,195.1,0,0,1004238,未退款,已完成,
TB0001821,2026-08-09 12:24:55,685256,运动户外-商品5256,1,114.92,114.92,0,0,1004238,已退款,已退款,
TB0001822,2026-08-09 12:29:16,3714066,图书文创-商品4066,1,54.06,54.06,0,0,1004238,已退款,已退款,
TB0001823,2026-08-09 12:34:33,4472496,家居日用-商品2496,1,125.91,125.91,0,0,1004238,未退款,已完成,
TB0001824,2026-08-09 12:38:56,4708909,数码家电-商品8909,1,179.52,179.52,0,0,1004238,未退款,已完成,
TB0001825,2026-08-09 13:32:31,2086383,食品生鲜-商品6383,1,51.54,51.54,0,0,1004246,未退款,已完成,
TB0001826,2026-08-08 11:49:31,3813288,美妆个护-商品3288,1,46.05,46.05,0,0,1004259,未退款,已完成,
TB0001827,2026-08-09 12:16:14,3177758,图书文创-商品7758,1,35.31,35.31,0,0,1004259,未退款,已完成,
TB0001828,2026-08-10 05:01:27,3813288,美妆个护-商品3288,1,141.24,141.24,0,0,1004259,未退款,已完成,
TB0001829,2026-08-04 11:21:22,2128069,数码家电-商品8069,1,91.48,91.48,0,0,1004269,未退款,已完成,
TB0001830,2026-08-04 12:57:23,2128069,数码家电-商品8069,1,596.93,596.93,0,0,1004269,未退款,已完成,
TB0001831,2026-08-06 12:54:48,3941700,食品生鲜-商品1700,1,60.11,60.11,0,0,1004269,未退款,已完成,
TB0001832,2026-08-12 00:46:10,2207862,母婴玩具-商品7862,1,57.58,57.58,0,0,1004269,未退款,已完成,
TB0001833,2026-08-05 11:53:48,1019048,数码家电-商品9048,1,771.36,771.36,0,0,1004274,未退款,已完成,
TB0001834,2026-08-09 13:45:17,1088354,数码家电-商品8354,1,171.59,171.59,0,0,1004274,未退款,已完成,
TB0001835,2026-08-10 14:33:45,623941,服饰鞋包-商品3941,1,132.13,132.13,0,0,1004277,未退款,已完成,
TB0001836,2026-08-12 10:36:52,1639079,图书文创-商品9079,1,23.17,23.17,0,0,1004282,未退款,已完成,
TB0001837,2026-08-06 05:56:41,836633,美妆个护-商品6633,1,169.75,169.75,0,0,1004289,未退款,已完成,
TB0001838,2026-08-04 10:42:11,4450194,食品生鲜-商品0194,1,12.69,12.69,0,0,1004296,已退款,已退款,
TB0001839,2026-08-07 10:57:32,3265711,图书文创-商品5711,1,21.16,21.16,0,0,1004296,未退款,已完成,
TB0001840,2026-08-06 12:46:33,4657130,家居日用-商品7130,1,88.24,88.24,0,0,1004298,未退款,已完成,
TB0001841,2026-08-06 22:47:32,3466280,家居日用-商品6280,1,18.85,18.85,0,0,1004298,未退款,已完成,
TB0001842,2026-08-11 07:11:25,4455901,图书文创-商品5901,1,29.58,29.58,0,0,1004302,未退款,已完成,
TB0001843,2026-08-04 15:10:51,1824669,母婴玩具-商品4669,1,64.3,64.3,0,0,1004303,未退款,已完成,
TB0001844,2026-08-10 07:07:43,3544531,服饰鞋包-商品4531,1,39.15,39.15,0,0,1004319,未退款,已完成,
TB0001845,2026-08-06 15:05:49,2874693,母婴玩具-商品4693,1,134.87,134.87,0,0,1004327,未退款,已完成,
TB0001846,2026-08-07 14:47:31,2491719,服饰鞋包-商品1719,1,75.15,75.15,0,0,1004327,未退款,已完成,
TB0001847,2026-08-07 15:31:50,1578231,母婴玩具-商品8231,1,67.6,67.6,0,0,1004327,未退款,已完成,
TB0001848,2026-08-07 23:42:07,1064040,母婴玩具-商品4040,1,112.9,112.9,0,0,1004327,未退款,已完成,
TB0001849,2026-08-10 08:59:04,1910706,数码家电-商品0706,1,314.26,314.26,0,0,1004327,未退款,已完成,
TB0001850,2026-08-04 08:10:46,5132125,家居日用-商品2125,1,82.4,82.4,0,0,1004335,未退款,已完成,
TB0001851,2026-08-10 09:03:28,3189020,食品生鲜-商品9020,1,88.97,88.97,0,0,1004335,未退款,已完成,
TB0001852,2026-08-12 02:42:49,3256257,数码家电-商品6257,1,781.96,781.96,0,0,1004335,未退款,已完成,
TB0001853,2026-08-06 07:27:06,2187255,食品生鲜-商品7255,1,37.35,37.35,0,0,1004337,未退款,已完成,
TB0001854,2026-08-06 13:32:12,4157984,运动户外-商品7984,1,307.25,307.25,0,0,1004337,未退款,已完成,
TB0001855,2026-08-07 02:24:27,325313,数码家电-商品5313,1,818.09,818.09,0,0,1004337,已退款,已退款,
TB0001856,2026-08-09 10:05:39,849843,数码家电-商品9843,1,874.22,874.22,0,0,1004337,未退款,已完成,
TB0001857,2026-08-11 02:18:25,1327049,运动户外-商品7049,1,190.7,190.7,0,0,1004337,未退款,已完成,
TB0001858,2026-08-12 05:18:26,2635552,家居日用-商品5552,1,64.28,64.28,0,0,1004337,未退款,已完成,
TB0001859,2026-08-05 04:53:51,3377603,食品生鲜-商品7603,1,50.51,50.51,0,0,1004339,未退款,已完成,
TB0001860,2026-08-05 05:09:29,886855,图书文创-商品6855,1,17.17,17.17,0,0,1004339,未退款,已完成,
TB0001861,2026-08-08 04:57:53,4530927,母婴玩具-商品0927,1,179.63,179.63,0,0,1004339,未退款,已完成,
TB0001862,2026-08-08 05:01:30,2730450,运动户外-商品0450,1,359.94,359.94,0,0,1004339,未退款,已完成,
TB0001863,2026-08-11 01:58:20,1454515,美妆个护-商品4515,1,297.55,297.55,0,0,1004339,未退款,已完成,
TB0001864,2026-08-05 00:00:08,1958664,美妆个护-商品8664,1,180.51,180.51,0,0,1004341,未退款,已完成,
TB0001865,2026-08-06 07:26:56,4181367,图书文创-商品1367,1,12.76,12.76,0,0,1004341,未退款,已完成,
TB0001866,2026-08-08 00:22:13,46448,家居日用-商品6448,1,140.6,140.6,0,0,1004341,未退款,已完成,
TB0001867,2026-08-05 06:44:10,467478,图书文创-商品7478,1,52.46,52.46,0,0,1004350,未退款,已完成,
TB0001868,2026-08-11 13:56:29,509231,食品生鲜-商品9231,1,93.59,93.59,0,0,1004350,未退款,已完成,
TB0001869,2026-08-10 09:38:16,2867550,美妆个护-商品7550,1,24.72,24.72,0,0,1004353,未退款,已完成,
TB0001870,2026-08-12 10:12:25,815698,美妆个护-商品5698,1,74.39,74.39,0,0,1004354,未退款,已完成,
TB0001871,2026-08-08 07:36:12,2457468,食品生鲜-商品7468,1,51.16,51.16,0,0,1004357,未退款,已完成,
TB0001872,2026-08-08 08:05:25,1639543,服饰鞋包-商品9543,1,84.74,84.74,0,0,1004357,未退款,已完成,
TB0001873,2026-08-11 08:12:58,2815020,数码家电-商品5020,1,784.29,784.29,0,0,1004357,已退款,已退款,
TB0001874,2026-08-09 05:40:22,3186873,运动户外-商品6873,1,64.68,64.68,0,0,1004362,未退款,已完成,
TB0001875,2026-08-09 11:53:27,1035067,数码家电-商品5067,1,274.82,274.82,0,0,1004366,未退款,已完成,
TB0001876,2026-08-10 20:41:46,539097,美妆个护-商品9097,1,34.99,34.99,0,0,1004366,已退款,已退款,
TB0001877,2026-08-11 02:32:10,3160468,数码家电-商品0468,1,396.87,396.87,0,0,1004366,未退款,已完成,
TB0001878,2026-08-08 15:28:19,3923849,食品生鲜-商品3849,1,58.81,58.81,0,0,1004368,未退款,已完成,
TB0001878,2026-08-08 15:28:19,5129919,图书文创-商品9919,1,63.31,63.31,0,0,1004368,未退款,已完成,
TB0001879,2026-08-04 03:05:03,562991,服饰鞋包-商品2991,1,147.76,147.76,0,0,1004378,未退款,已完成,
TB0001880,2026-08-10 13:06:00,3024767,美妆个护-商品4767,1,113.37,113.37,0,0,1004378,未退款,已完成,
